,centroid,SUBZONE_N,SUBZONE_C,travel_time_to_town,distance_to_town,query_result
0,POINT (103.9479387224605 1.3720645081472438),PASIR RIS TOWN,PRSZ03,2187.0,19554.0,"{'destination_addresses': ['7VM2+GH Singapore'], 'origin_addresses': ['Pasir Ris Dr 1, Singapore'], 'rows': [{'elements': [{'distance': {'text': '19.6 km', 'value': 19554}, 'duration': {'text': '36 mins', 'value': 2187}, 'status': 'OK'}]}], 'status': 'OK'}"
1,POINT (103.88520425576283 1.3273677702333593),MACPHERSON,GLSZ02,1642.0,8492.0,"{'destination_addresses': ['7VM2+GH Singapore'], 'origin_addresses': ['78 Circuit Rd, Block 78, Singapore 370078'], 'rows': [{'elements': [{'distance': {'text': '8.5 km', 'value': 8492}, 'duration': {'text': '27 mins', 'value': 1642}, 'status': 'OK'}]}], 'status': 'OK'}"
2,POINT (103.89835171884225 1.3169410135086135),GEYLANG EAST,GLSZ05,1644.0,8754.0,"{'destination_addresses': ['7VM2+GH Singapore'], 'origin_addresses': ['1 Geylang Serai, Singapore 402001'], 'rows': [{'elements': [{'distance': {'text': '8.8 km', 'value': 8754}, 'duration': {'text': '27 mins', 'value': 1644}, 'status': 'OK'}]}], 'status': 'OK'}"
3,POINT (103.88359652528455 1.3144269425418387),ALJUNIED,GLSZ04,1111.0,6073.0,"{'destination_addresses': ['7VM2+GH Singapore'], 'origin_addresses': ['7 Lor 27 Geylang, Singapore 388159'], 'rows': [{'elements': [{'distance': {'text': '6.1 km', 'value': 6073}, 'duration': {'text': '19 mins', 'value': 1111}, 'status': 'OK'}]}], 'status': 'OK'}"
4,POINT (103.88067853356203 1.362913991815891),ROSYTH,HGSZ03,2071.0,11258.0,"{'destination_addresses': ['7VM2+GH Singapore'], 'origin_addresses': ['67 Richards Ave, Singapore 546476'], 'rows': [{'elements': [{'distance': {'text': '11.3 km', 'value': 11258}, 'duration': {'text': '35 mins', 'value': 2071}, 'status': 'OK'}]}], 'status': 'OK'}"
5,POINT (103.88663150358084 1.356838475534669),LORONG AH SOO,HGSZ04,2311.0,11532.0,"{'destination_addresses': ['7VM2+GH Singapore'], 'origin_addresses': ['51 Jln Songket, Singapore 537422'], 'rows': [{'elements': [{'distance': {'text': '11.5 km', 'value': 11532}, 'duration': {'text': '39 mins', 'value': 2311}, 'status': 'OK'}]}], 'status': 'OK'}"
6,POINT (103.88333872895522 1.3778207005963214),TRAFALGAR,HGSZ02,3319.0,17638.0,"{'destination_addresses': ['7VM2+GH Singapore'], 'origin_addresses': ['Block 915, Singapore'], 'rows': [{'elements': [{'distance': {'text': '17.6 km', 'value': 17638}, 'duration': {'text': '55 mins', 'value': 3319}, 'status': 'OK'}]}], 'status': 'OK'}"
7,POINT (103.88996544536008 1.384898717493654),TRAFALGAR,SESZ05,3648.0,17762.0,"{'destination_addresses': ['7VM2+GH Singapore'], 'origin_addresses': ['Bef Sengkang East Ave, Singapore'], 'rows': [{'elements': [{'distance': {'text': '17.8 km', 'value': 17762}, 'duration': {'text': '1 hour 1 min', 'value': 3648}, 'status': 'OK'}]}], 'status': 'OK'}"
8,POINT (103.88761475720338 1.3437760708784183),TAI KENG,HGSZ05,3107.0,14399.0,"{'destination_addresses': ['7VM2+GH Singapore'], 'origin_addresses': ['28 New Industrial Rd, Singapore 536204'], 'rows': [{'elements': [{'distance': {'text': '14.4 km', 'value': 14399}, 'duration': {'text': '52 mins', 'value': 3107}, 'status': 'OK'}]}], 'status': 'OK'}"
9,POINT (103.73883527910469 1.340421250473252),YUHUA,JESZ02,2525.0,17859.0,"{'destination_addresses': ['7VM2+GH Singapore'], 'origin_addresses': ['217A Jurong East Street 21, Block 217A, Singapore 601217'], 'rows': [{'elements': [{'distance': {'text': '17.9 km', 'value': 17859}, 'duration': {'text': '42 mins', 'value': 2525}, 'status': 'OK'}]}], 'status': 'OK'}"
10,POINT (103.74315298003229 1.3148672505013441),TEBAN GARDENS,JESZ08,2982.0,18653.0,"{'destination_addresses': ['7VM2+GH Singapore'], 'origin_addresses': ['West Coast Rd, Singapore'], 'rows': [{'elements': [{'distance': {'text': '18.7 km', 'value': 18653}, 'duration': {'text': '50 mins', 'value': 2982}, 'status': 'OK'}]}], 'status': 'OK'}"
11,POINT (103.7464968796586 1.3374807062373215),TOH GUAN,JESZ03,2499.0,16697.0,"{'destination_addresses': ['7VM2+GH Singapore'], 'origin_addresses': ['285E Toh Guan Rd, Singapore 605285'], 'rows': [{'elements': [{'distance': {'text': '16.7 km', 'value': 16697}, 'duration': {'text': '42 mins', 'value': 2499}, 'status': 'OK'}]}], 'status': 'OK'}"
12,POINT (103.74252986026164 1.3327439111572017),JURONG REGIONAL CENTRE,JESZ05,1478.0,15356.0,"{'destination_addresses': ['7VM2+GH Singapore'], 'origin_addresses': ['155 Jurong Gateway Rd, Singapore 609649'], 'rows': [{'elements': [{'distance': {'text': '15.4 km', 'value': 15356}, 'duration': {'text': '25 mins', 'value': 1478}, 'status': 'OK'}]}], 'status': 'OK'}"
13,POINT (103.73197119993812 1.3470100202383655),BOON LAY,JESZ01,2718.0,18120.0,"{'destination_addresses': ['7VM2+GH Singapore'], 'origin_addresses': ['312 Jurong East Street 32, Singapore 600312'], 'rows': [{'elements': [{'distance': {'text': '18.1 km', 'value': 18120}, 'duration': {'text': '45 mins', 'value': 2718}, 'status': 'OK'}]}], 'status': 'OK'}"
14,POINT (103.71114826201617 1.3458637078640334),BOON LAY,JWSZ02,3103.0,21395.0,"{'destination_addresses': ['7VM2+GH Singapore'], 'origin_addresses': ['186 Boon Lay Ave, Singapore 640186'], 'rows': [{'elements': [{'distance': {'text': '21.4 km', 'value': 21395}, 'duration': {'text': '52 mins', 'value': 3103}, 'status': 'OK'}]}], 'status': 'OK'}"
15,POINT (103.70209870290407 1.340139514959049),CENTRAL,JWSZ09,2453.0,20560.0,"{'destination_addresses': ['7VM2+GH Singapore'], 'origin_addresses': ['666B Jurong West Street 65, Block 666B, Singapore 642666'], 'rows': [{'elements': [{'distance': {'text': '20.6 km', 'value': 20560}, 'duration': {'text': '41 mins', 'value': 2453}, 'status': 'OK'}]}], 'status': 'OK'}"
16,POINT (103.74764537984689 1.385000742100771),CENTRAL,CKSZ03,2577.0,22347.0,"{'destination_addresses': ['7VM2+GH Singapore'], 'origin_addresses': ['311 Choa Chu Kang Ave 3, Singapore 689859'], 'rows': [{'elements': [{'distance': {'text': '22.3 km', 'value': 22347}, 'duration': {'text': '43 mins', 'value': 2577}, 'status': 'OK'}]}], 'status': 'OK'}"
17,POINT (103.72106808884249 1.3498962996914816),HONG KAH,JWSZ03,2594.0,19104.0,"{'destination_addresses': ['7VM2+GH Singapore'], 'origin_addresses': ['461 Jurong West Street 41, Singapore 640461'], 'rows': [{'elements': [{'distance': {'text': '19.1 km', 'value': 19104}, 'duration': {'text': '43 mins', 'value': 2594}, 'status': 'OK'}]}], 'status': 'OK'}"
18,POINT (103.74800378711386 1.3627121368342108),HONG KAH,BKSZ02,2596.0,19493.0,"{'destination_addresses': ['7VM2+GH Singapore'], 'origin_addresses': ['327 Bukit Batok Street 33, Block 327, Singapore 650327'], 'rows': [{'elements': [{'distance': {'text': '19.5 km', 'value': 19493}, 'duration': {'text': '43 mins', 'value': 2596}, 'status': 'OK'}]}], 'status': 'OK'}"
19,POINT (103.70712317472376 1.3556930781989265),WENYA,JWSZ01,3870.0,23554.0,"{'destination_addresses': ['7VM2+GH Singapore'], 'origin_addresses': ['7 Bulim St, Singapore 648175'], 'rows': [{'elements': [{'distance': {'text': '23.6 km', 'value': 23554}, 'duration': {'text': '1 hour 5 mins', 'value': 3870}, 'status': 'OK'}]}], 'status': 'OK'}"
20,POINT (103.6948787996138 1.3445543128188682),YUNNAN,JWSZ08,2934.0,22038.0,"{'destination_addresses': ['7VM2+GH Singapore'], 'origin_addresses': ['832 Jurong West Street 81, Block 832, Singapore 640832'], 'rows': [{'elements': [{'distance': {'text': '22.0 km', 'value': 22038}, 'duration': {'text': '49 mins', 'value': 2934}, 'status': 'OK'}]}], 'status': 'OK'}"
21,POINT (103.721196406689 1.3345109668945636),TAMAN JURONG,JWSZ04,2897.0,19603.0,"{'destination_addresses': ['7VM2+GH Singapore'], 'origin_addresses': ['2 Yung Sheng Rd, Singapore 618496'], 'rows': [{'elements': [{'distance': {'text': '19.6 km', 'value': 19603}, 'duration': {'text': '48 mins', 'value': 2897}, 'status': 'OK'}]}], 'status': 'OK'}"
22,POINT (103.85602619146835 1.2991978886161475),BUGIS,DTSZ01,703.0,2459.0,"{'destination_addresses': ['7VM2+GH Singapore'], 'origin_addresses': ['536 North Bridge Rd, Singapore 188750'], 'rows': [{'elements': [{'distance': {'text': '2.5 km', 'value': 2459}, 'duration': {'text': '12 mins', 'value': 703}, 'status': 'OK'}]}], 'status': 'OK'}"
23,POINT (103.8510371041884 1.3255284718543436),BALESTIER,NVSZ01,1913.0,7589.0,"{'destination_addresses': ['7VM2+GH Singapore'], 'origin_addresses': ['4 Jln Ampas, Singapore 329505'], 'rows': [{'elements': [{'distance': {'text': '7.6 km', 'value': 7589}, 'duration': {'text': '32 mins', 'value': 1913}, 'status': 'OK'}]}], 'status': 'OK'}"
24,POINT (103.8566928824229 1.3056991011532069),SUNGEI ROAD,RCSZ03,1163.0,3052.0,"{'destination_addresses': ['7VM2+GH Singapore'], 'origin_addresses': ['30 Kelantan Rd, Singapore 200030'], 'rows': [{'elements': [{'distance': {'text': '3.1 km', 'value': 3052}, 'duration': {'text': '19 mins', 'value': 1163}, 'status': 'OK'}]}], 'status': 'OK'}"
25,POINT (103.8540526526339 1.3067833494066663),LITTLE INDIA,RCSZ02,1283.0,4346.0,"{'destination_addresses': ['7VM2+GH Singapore'], 'origin_addresses': ['60 Chitty Rd, Singapore 209822'], 'rows': [{'elements': [{'distance': {'text': '4.3 km', 'value': 4346}, 'duration': {'text': '21 mins', 'value': 1283}, 'status': 'OK'}]}], 'status': 'OK'}"
26,POINT (103.83942023586691 1.2856127998376852),PEARL'S HILL,OTSZ01,1166.0,3159.0,"{'destination_addresses': ['7VM2+GH Singapore'], 'origin_addresses': ['175A Chin Swee Rd, Singapore 169879'], 'rows': [{'elements': [{'distance': {'text': '3.2 km', 'value': 3159}, 'duration': {'text': '19 mins', 'value': 1166}, 'status': 'OK'}]}], 'status': 'OK'}"
27,POINT (103.84688332475142 1.2843864299550958),CHINA SQUARE,OTSZ04,601.0,799.0,"{'destination_addresses': ['7VM2+GH Singapore'], 'origin_addresses': ['43 Nankin St, Singapore 048906'], 'rows': [{'elements': [{'distance': {'text': '0.8 km', 'value': 799}, 'duration': {'text': '10 mins', 'value': 601}, 'status': 'OK'}]}], 'status': 'OK'}"
28,POINT (103.84368744601832 1.2799694905383718),CHINATOWN,OTSZ03,833.0,1808.0,"{'destination_addresses': ['7VM2+GH Singapore'], 'origin_addresses': ['75B Pagoda St, Singapore 059234'], 'rows': [{'elements': [{'distance': {'text': '1.8 km', 'value': 1808}, 'duration': {'text': '14 mins', 'value': 833}, 'status': 'OK'}]}], 'status': 'OK'}"
29,POINT (103.96058258561102 1.3689743406940675),PASIR RIS DRIVE,PRSZ04,3180.0,20922.0,"{'destination_addresses': ['7VM2+GH Singapore'], 'origin_addresses': ['Blk 216, Singapore'], 'rows': [{'elements': [{'distance': {'text': '20.9 km', 'value': 20922}, 'duration': {'text': '53 mins', 'value': 3180}, 'status': 'OK'}]}], 'status': 'OK'}"
30,POINT (103.93981218675272 1.3792860455900358),ELIAS,PRSZ02,3156.0,20859.0,"{'destination_addresses': ['7VM2+GH Singapore'], 'origin_addresses': ['631 Pasir Ris Drive 3, Block 631, Singapore 510631'], 'rows': [{'elements': [{'distance': {'text': '20.9 km', 'value': 20859}, 'duration': {'text': '53 mins', 'value': 3156}, 'status': 'OK'}]}], 'status': 'OK'}"
31,POINT (103.89701183321839 1.4026890640763905),SZ3,PGSZ03,2801.0,16948.0,"{'destination_addresses': ['7VM2+GH Singapore'], 'origin_addresses': ['120 Punggol Walk, Singapore'], 'rows': [{'elements': [{'distance': {'text': '16.9 km', 'value': 16948}, 'duration': {'text': '47 mins', 'value': 2801}, 'status': 'OK'}]}], 'status': 'OK'}"
32,POINT (103.86384158660849 1.3007645746322243),CRAWFORD,KLSZ09,1283.0,5287.0,"{'destination_addresses': ['7VM2+GH Singapore'], 'origin_addresses': ['20 Republic Ave, Nicoll Highway, Singapore 038970'], 'rows': [{'elements': [{'distance': {'text': '5.3 km', 'value': 5287}, 'duration': {'text': '21 mins', 'value': 1283}, 'status': 'OK'}]}], 'status': 'OK'}"
33,POINT (103.87228590054599 1.3148795479028828),BOON KENG,KLSZ03,1112.0,4846.0,"{'destination_addresses': ['7VM2+GH Singapore'], 'origin_addresses': ['18 Upper Boon Keng Rd, Singapore 380018'], 'rows': [{'elements': [{'distance': {'text': '4.8 km', 'value': 4846}, 'duration': {'text': '19 mins', 'value': 1112}, 'status': 'OK'}]}], 'status': 'OK'}"
34,POINT (103.85031473158692 1.3137076570373256),KAMPONG JAVA,KLSZ07,1376.0,4611.0,"{'destination_addresses': ['7VM2+GH Singapore'], 'origin_addresses': ['103 Dorset Rd, Singapore 219495'], 'rows': [{'elements': [{'distance': {'text': '4.6 km', 'value': 4611}, 'duration': {'text': '23 mins', 'value': 1376}, 'status': 'OK'}]}], 'status': 'OK'}"
35,POINT (103.86185482912822 1.3221987605615841),BENDEMEER,KLSZ01,1438.0,5697.0,"{'destination_addresses': ['7VM2+GH Singapore'], 'origin_addresses': [""25 St George's Ln, Singapore""], 'rows': [{'elements': [{'distance': {'text': '5.7 km', 'value': 5697}, 'duration': {'text': '24 mins', 'value': 1438}, 'status': 'OK'}]}], 'status': 'OK'}"
36,POINT (103.87026180489498 1.3216341159107428),GEYLANG BAHRU,KLSZ02,1479.0,6915.0,"{'destination_addresses': ['7VM2+GH Singapore'], 'origin_addresses': ['Unnamed Road, Singapore'], 'rows': [{'elements': [{'distance': {'text': '6.9 km', 'value': 6915}, 'duration': {'text': '25 mins', 'value': 1479}, 'status': 'OK'}]}], 'status': 'OK'}"
37,POINT (103.87051321654373 1.3081761719447915),KAMPONG BUGIS,KLSZ04,1146.0,4877.0,"{'destination_addresses': ['7VM2+GH Singapore'], 'origin_addresses': ['5 Geylang Rd, Singapore'], 'rows': [{'elements': [{'distance': {'text': '4.9 km', 'value': 4877}, 'duration': {'text': '19 mins', 'value': 1146}, 'status': 'OK'}]}], 'status': 'OK'}"
38,POINT (103.90757629698501 1.3028155766074516),MARINE PARADE,MPSZ03,2240.0,9287.0,"{'destination_addresses': ['7VM2+GH Singapore'], 'origin_addresses': ['76 Marine Dr, Block 76, Singapore 440076'], 'rows': [{'elements': [{'distance': {'text': '9.3 km', 'value': 9287}, 'duration': {'text': '37 mins', 'value': 2240}, 'status': 'OK'}]}], 'status': 'OK'}"
39,POINT (103.78072262215754 1.4506540892874895),NORTH COAST,WDSZ09,3881.0,31619.0,"{'destination_addresses': ['7VM2+GH Singapore'], 'origin_addresses': ['Admiralty Rd W, Singapore'], 'rows': [{'elements': [{'distance': {'text': '31.6 km', 'value': 31619}, 'duration': {'text': '1 hour 5 mins', 'value': 3881}, 'status': 'OK'}]}], 'status': 'OK'}"
40,POINT (103.79386650910203 1.4295043136676118),WOODLANDS SOUTH,WDSZ04,3609.0,28901.0,"{'destination_addresses': ['7VM2+GH Singapore'], 'origin_addresses': ['546 Woodlands Drive 16, Block 545, Singapore 730546'], 'rows': [{'elements': [{'distance': {'text': '28.9 km', 'value': 28901}, 'duration': {'text': '1 hour 0 mins', 'value': 3609}, 'status': 'OK'}]}], 'status': 'OK'}"
41,POINT (103.80192730672906 1.4412498746331743),WOODLANDS EAST,WDSZ03,2559.0,25493.0,"{'destination_addresses': ['7VM2+GH Singapore'], 'origin_addresses': ['Woodlands Ave 6, Singapore'], 'rows': [{'elements': [{'distance': {'text': '25.5 km', 'value': 25493}, 'duration': {'text': '43 mins', 'value': 2559}, 'status': 'OK'}]}], 'status': 'OK'}"
42,POINT (103.91125816049241 1.3947202521015958),SZ4,PGSZ04,2887.0,18384.0,"{'destination_addresses': ['7VM2+GH Singapore'], 'origin_addresses': ['126B Edgedale Plains, Singapore 822126'], 'rows': [{'elements': [{'distance': {'text': '18.4 km', 'value': 18384}, 'duration': {'text': '48 mins', 'value': 2887}, 'status': 'OK'}]}], 'status': 'OK'}"
43,POINT (103.91471896916623 1.4011761652168726),SZ5,PGSZ05,2841.0,18004.0,"{'destination_addresses': ['7VM2+GH Singapore'], 'origin_addresses': ['666 Punggol Dr., Singapore 828853'], 'rows': [{'elements': [{'distance': {'text': '18.0 km', 'value': 18004}, 'duration': {'text': '47 mins', 'value': 2841}, 'status': 'OK'}]}], 'status': 'OK'}"
44,POINT (103.9015956708692 1.4089654016792157),SZ2,PGSZ02,2658.0,16755.0,"{'destination_addresses': ['7VM2+GH Singapore'], 'origin_addresses': ['310A Punggol Walk, Singapore 821310'], 'rows': [{'elements': [{'distance': {'text': '16.8 km', 'value': 16755}, 'duration': {'text': '44 mins', 'value': 2658}, 'status': 'OK'}]}], 'status': 'OK'}"
45,POINT (103.79478170393095 1.3083382104187349),HOLLAND DRIVE,QTSZ02,1653.0,9420.0,"{'destination_addresses': ['7VM2+GH Singapore'], 'origin_addresses': ['2 Holland Cl, Singapore'], 'rows': [{'elements': [{'distance': {'text': '9.4 km', 'value': 9420}, 'duration': {'text': '28 mins', 'value': 1653}, 'status': 'OK'}]}], 'status': 'OK'}"
46,POINT (103.78807886665972 1.3114787470060947),GHIM MOH,QTSZ01,1630.0,9427.0,"{'destination_addresses': ['7VM2+GH Singapore'], 'origin_addresses': ['19 Ghim Moh Rd, Block 19, Singapore 270019'], 'rows': [{'elements': [{'distance': {'text': '9.4 km', 'value': 9427}, 'duration': {'text': '27 mins', 'value': 1630}, 'status': 'OK'}]}], 'status': 'OK'}"
47,POINT (103.89657283261485 1.3296112488313316),KAMPONG UBI,GLSZ03,1936.0,10432.0,"{'destination_addresses': ['7VM2+GH Singapore'], 'origin_addresses': ['3030A Ubi Rd 3, #01-109, Singapore 408658'], 'rows': [{'elements': [{'distance': {'text': '10.4 km', 'value': 10432}, 'duration': {'text': '32 mins', 'value': 1936}, 'status': 'OK'}]}], 'status': 'OK'}"
48,POINT (103.77802222895507 1.3111037628633073),SINGAPORE POLYTECHNIC,QTSZ09,1256.0,10160.0,"{'destination_addresses': ['7VM2+GH Singapore'], 'origin_addresses': ['500 Dover Rd, Convention Centre, Singapore 139651'], 'rows': [{'elements': [{'distance': {'text': '10.2 km', 'value': 10160}, 'duration': {'text': '21 mins', 'value': 1256}, 'status': 'OK'}]}], 'status': 'OK'}"
49,POINT (103.7998815677654 1.3049471126579861),COMMONWEALTH,QTSZ03,1412.0,8217.0,"{'destination_addresses': ['7VM2+GH Singapore'], 'origin_addresses': ['87 Commonwealth Cl, Block 87, Singapore 140087'], 'rows': [{'elements': [{'distance': {'text': '8.2 km', 'value': 8217}, 'duration': {'text': '24 mins', 'value': 1412}, 'status': 'OK'}]}], 'status': 'OK'}"
50,POINT (103.8030989719948 1.2934373006531799),MEI CHIN,QTSZ06,1393.0,7093.0,"{'destination_addresses': ['7VM2+GH Singapore'], 'origin_addresses': ['159 Mei Ling St, Singapore'], 'rows': [{'elements': [{'distance': {'text': '7.1 km', 'value': 7093}, 'duration': {'text': '23 mins', 'value': 1393}, 'status': 'OK'}]}], 'status': 'OK'}"
51,POINT (103.79657107136822 1.3011208731175388),TANGLIN HALT,QTSZ04,1347.0,8126.0,"{'destination_addresses': ['7VM2+GH Singapore'], 'origin_addresses': ['74 Commonwealth Dr, Block 74, Singapore 140074'], 'rows': [{'elements': [{'distance': {'text': '8.1 km', 'value': 8126}, 'duration': {'text': '22 mins', 'value': 1347}, 'status': 'OK'}]}], 'status': 'OK'}"
52,POINT (103.80826961968211 1.2970587852315345),MARGARET DRIVE,QTSZ05,1362.0,7084.0,"{'destination_addresses': ['7VM2+GH Singapore'], 'origin_addresses': ['495 Margaret Dr, Singapore 149305'], 'rows': [{'elements': [{'distance': {'text': '7.1 km', 'value': 7084}, 'duration': {'text': '23 mins', 'value': 1362}, 'status': 'OK'}]}], 'status': 'OK'}"
53,POINT (103.8512810712535 1.302004736603917),BENCOOLEN,RCSZ09,1022.0,2857.0,"{'destination_addresses': ['7VM2+GH Singapore'], 'origin_addresses': ['83 Prinsep St, Singapore 187947'], 'rows': [{'elements': [{'distance': {'text': '2.9 km', 'value': 2857}, 'duration': {'text': '17 mins', 'value': 1022}, 'status': 'OK'}]}], 'status': 'OK'}"
54,POINT (103.85212781515959 1.3091644754129697),FARRER PARK,RCSZ01,1215.0,3683.0,"{'destination_addresses': ['7VM2+GH Singapore'], 'origin_addresses': ['114 Race Course Rd, Singapore 218579'], 'rows': [{'elements': [{'distance': {'text': '3.7 km', 'value': 3683}, 'duration': {'text': '20 mins', 'value': 1215}, 'status': 'OK'}]}], 'status': 'OK'}"
55,POINT (103.95400459938041 1.3406741701488925),SIMEI,TMSZ04,2002.0,15860.0,"{'destination_addresses': ['7VM2+GH Singapore'], 'origin_addresses': ['6 Harvey Cl, Singapore 489440'], 'rows': [{'elements': [{'distance': {'text': '15.9 km', 'value': 15860}, 'duration': {'text': '33 mins', 'value': 2002}, 'status': 'OK'}]}], 'status': 'OK'}"
56,POINT (103.95124873635841 1.3544217609355287),TAMPINES EAST,TMSZ02,2445.0,17787.0,"{'destination_addresses': ['7VM2+GH Singapore'], 'origin_addresses': ['261 Tampines St. 21, Singapore 520261'], 'rows': [{'elements': [{'distance': {'text': '17.8 km', 'value': 17787}, 'duration': {'text': '41 mins', 'value': 2445}, 'status': 'OK'}]}], 'status': 'OK'}"
57,POINT (103.93595204419775 1.348507612793002),TAMPINES WEST,TMSZ03,2596.0,16145.0,"{'destination_addresses': ['7VM2+GH Singapore'], 'origin_addresses': ['477 Tampines Street 81, #01-154, Singapore'], 'rows': [{'elements': [{'distance': {'text': '16.1 km', 'value': 16145}, 'duration': {'text': '43 mins', 'value': 2596}, 'status': 'OK'}]}], 'status': 'OK'}"
58,POINT (103.83781643545116 1.4184605129867773),YISHUN SOUTH,YSSZ04,2388.0,19234.0,"{'destination_addresses': ['7VM2+GH Singapore'], 'origin_addresses': ['629 Yishun Street 61, Singapore 760629'], 'rows': [{'elements': [{'distance': {'text': '19.2 km', 'value': 19234}, 'duration': {'text': '40 mins', 'value': 2388}, 'status': 'OK'}]}], 'status': 'OK'}"
59,POINT (103.83803169674113 1.4381244176276824),NORTHLAND,YSSZ02,2930.0,21227.0,"{'destination_addresses': ['7VM2+GH Singapore'], 'origin_addresses': ['278 Yishun Street 22, Singapore 760278'], 'rows': [{'elements': [{'distance': {'text': '21.2 km', 'value': 21227}, 'duration': {'text': '49 mins', 'value': 2930}, 'status': 'OK'}]}], 'status': 'OK'}"
60,POINT (103.8376594113623 1.4267052451542845),YISHUN CENTRAL,YSSZ01,2471.0,20564.0,"{'destination_addresses': ['7VM2+GH Singapore'], 'origin_addresses': ['930 Yishun Central 1, Singapore 760930'], 'rows': [{'elements': [{'distance': {'text': '20.6 km', 'value': 20564}, 'duration': {'text': '41 mins', 'value': 2471}, 'status': 'OK'}]}], 'status': 'OK'}"
61,POINT (103.83101160396521 1.4311385956229936),YISHUN WEST,YSSZ09,2571.0,20758.0,"{'destination_addresses': ['7VM2+GH Singapore'], 'origin_addresses': ['143 Yishun Ring Rd, Singapore 760143'], 'rows': [{'elements': [{'distance': {'text': '20.8 km', 'value': 20758}, 'duration': {'text': '43 mins', 'value': 2571}, 'status': 'OK'}]}], 'status': 'OK'}"
62,POINT (103.84731484872049 1.4285461360074716),YISHUN EAST,YSSZ03,3116.0,22219.0,"{'destination_addresses': ['7VM2+GH Singapore'], 'origin_addresses': ['396 Yishun Ave 6, Block 396, Singapore 760396'], 'rows': [{'elements': [{'distance': {'text': '22.2 km', 'value': 22219}, 'duration': {'text': '52 mins', 'value': 3116}, 'status': 'OK'}]}], 'status': 'OK'}"
63,POINT (103.8286526655674 1.4180005927363288),KHATIB,YSSZ08,2290.0,19082.0,"{'destination_addresses': ['7VM2+GH Singapore'], 'origin_addresses': ['19 Bah Soon Pah Rd, Singapore 769965'], 'rows': [{'elements': [{'distance': {'text': '19.1 km', 'value': 19082}, 'duration': {'text': '38 mins', 'value': 2290}, 'status': 'OK'}]}], 'status': 'OK'}"
64,POINT (103.89660349127293 1.3720941571424774),HOUGANG CENTRAL,HGSZ01,2300.0,12953.0,"{'destination_addresses': ['7VM2+GH Singapore'], 'origin_addresses': ['465 Upper Serangoon Rd, Singapore 530465'], 'rows': [{'elements': [{'distance': {'text': '13.0 km', 'value': 12953}, 'duration': {'text': '38 mins', 'value': 2300}, 'status': 'OK'}]}], 'status': 'OK'}"
65,POINT (103.83839292951892 1.3679721131351237),SHANGRI-LA,AMSZ05,2901.0,15900.0,"{'destination_addresses': ['7VM2+GH Singapore'], 'origin_addresses': ['226 Ang Mo Kio Ave 1, Singapore 560226'], 'rows': [{'elements': [{'distance': {'text': '15.9 km', 'value': 15900}, 'duration': {'text': '48 mins', 'value': 2901}, 'fare': {'currency': 'SGD', 'text': 'SGD\xa05.00', 'value': 5}, 'status': 'OK'}]}], 'status': 'OK'}"
66,POINT (103.90501384104894 1.3876077928435546),SUNGEI SERANGOON WEST,SESZ02,2501.0,16652.0,"{'destination_addresses': ['7VM2+GH Singapore'], 'origin_addresses': ['134 Rivervale St, Singapore 540134'], 'rows': [{'elements': [{'distance': {'text': '16.7 km', 'value': 16652}, 'duration': {'text': '42 mins', 'value': 2501}, 'status': 'OK'}]}], 'status': 'OK'}"
67,POINT (103.791531659763 1.439888497922546),MIDVIEW,WDSZ02,3233.0,27928.0,"{'destination_addresses': ['7VM2+GH Singapore'], 'origin_addresses': ['836 Woodlands Street 83, Block 836 Block 836, Singapore 730836'], 'rows': [{'elements': [{'distance': {'text': '27.9 km', 'value': 27928}, 'duration': {'text': '54 mins', 'value': 3233}, 'status': 'OK'}]}], 'status': 'OK'}"
68,POINT (103.83044385400308 1.2896717749175266),BUKIT HO SWEE,BMSZ09,1338.0,4743.0,"{'destination_addresses': ['7VM2+GH Singapore'], 'origin_addresses': ['4 Indus Rd, Singapore 169587'], 'rows': [{'elements': [{'distance': {'text': '4.7 km', 'value': 4743}, 'duration': {'text': '22 mins', 'value': 1338}, 'status': 'OK'}]}], 'status': 'OK'}"
69,POINT (103.86666324333228 1.3627384315460138),SERANGOON GARDEN,SGSZ03,3209.0,18102.0,"{'destination_addresses': ['7VM2+GH Singapore'], 'origin_addresses': ['22 Chuan Terrace, Singapore 558490'], 'rows': [{'elements': [{'distance': {'text': '18.1 km', 'value': 18102}, 'duration': {'text': '53 mins', 'value': 3209}, 'status': 'OK'}]}], 'status': 'OK'}"
70,POINT (103.86969926482305 1.3491969392767142),SERANGOON CENTRAL,SGSZ04,2133.0,9850.0,"{'destination_addresses': ['7VM2+GH Singapore'], 'origin_addresses': ['13 Serangoon Ave 3, Singapore 556123'], 'rows': [{'elements': [{'distance': {'text': '9.8 km', 'value': 9850}, 'duration': {'text': '36 mins', 'value': 2133}, 'status': 'OK'}]}], 'status': 'OK'}"
71,POINT (103.74827278023002 1.412620787167393),PANG SUA,SKSZ04,4267.0,27757.0,"{'destination_addresses': ['7VM2+GH Singapore'], 'origin_addresses': ['16 Sungei Kadut Street 2, Singapore 729235'], 'rows': [{'elements': [{'distance': {'text': '27.8 km', 'value': 27757}, 'duration': {'text': '1 hour 11 mins', 'value': 4267}, 'status': 'OK'}]}], 'status': 'OK'}"
72,POINT (103.74937587928494 1.392621033445275),PANG SUA,CKSZ07,2945.0,24156.0,"{'destination_addresses': ['7VM2+GH Singapore'], 'origin_addresses': ['765 Choa Chu Kang North 5, Block 765, Singapore 680765'], 'rows': [{'elements': [{'distance': {'text': '24.2 km', 'value': 24156}, 'duration': {'text': '49 mins', 'value': 2945}, 'status': 'OK'}]}], 'status': 'OK'}"
73,POINT (103.85298961524225 1.299663605711332),VICTORIA,RCSZ10,861.0,2631.0,"{'destination_addresses': ['7VM2+GH Singapore'], 'origin_addresses': ['Aft Waterloo St, Singapore'], 'rows': [{'elements': [{'distance': {'text': '2.6 km', 'value': 2631}, 'duration': {'text': '14 mins', 'value': 861}, 'status': 'OK'}]}], 'status': 'OK'}"
74,POINT (103.82047351240517 1.277382163678797),TELOK BLANGAH WAY,BMSZ14,1883.0,5422.0,"{'destination_addresses': ['7VM2+GH Singapore'], 'origin_addresses': ['14 Telok Blangah Cres, Block 14, Singapore 090014'], 'rows': [{'elements': [{'distance': {'text': '5.4 km', 'value': 5422}, 'duration': {'text': '31 mins', 'value': 1883}, 'status': 'OK'}]}], 'status': 'OK'}"
75,POINT (103.8085427336469 1.2822244318652785),DEPOT ROAD,BMSZ12,2451.0,8447.0,"{'destination_addresses': ['7VM2+GH Singapore'], 'origin_addresses': ['110 Depot Rd, Singapore 109760'], 'rows': [{'elements': [{'distance': {'text': '8.4 km', 'value': 8447}, 'duration': {'text': '41 mins', 'value': 2451}, 'status': 'OK'}]}], 'status': 'OK'}"
76,POINT (103.88245958234144 1.3365153066226998),PAYA LEBAR,TPSZ12,2187.0,9866.0,"{'destination_addresses': ['7VM2+GH Singapore'], 'origin_addresses': ['126 Joo Seng Rd, Gold Pine Industrial Building, Singapore 368355'], 'rows': [{'elements': [{'distance': {'text': '9.9 km', 'value': 9866}, 'duration': {'text': '36 mins', 'value': 2187}, 'status': 'OK'}]}], 'status': 'OK'}"
77,POINT (103.83139275843696 1.283879529711809),TIONG BAHRU,BMSZ10,1132.0,4495.0,"{'destination_addresses': ['7VM2+GH Singapore'], 'origin_addresses': ['46 Kim Cheng St, #46 Block 46, Singapore 161046'], 'rows': [{'elements': [{'distance': {'text': '4.5 km', 'value': 4495}, 'duration': {'text': '19 mins', 'value': 1132}, 'status': 'OK'}]}], 'status': 'OK'}"
78,POINT (103.82734723703915 1.2783572450543639),KAMPONG TIONG BAHRU,BMSZ11,1507.0,4982.0,"{'destination_addresses': ['7VM2+GH Singapore'], 'origin_addresses': ['136 Jalan Bukit Merah, Singapore 160136'], 'rows': [{'elements': [{'distance': {'text': '5.0 km', 'value': 4982}, 'duration': {'text': '25 mins', 'value': 1507}, 'status': 'OK'}]}], 'status': 'OK'}"
79,POINT (103.77953841748116 1.3038652171173302),DOVER,QTSZ10,2222.0,11424.0,"{'destination_addresses': ['7VM2+GH Singapore'], 'origin_addresses': ['131 Dover Rd, Singapore 139659'], 'rows': [{'elements': [{'distance': {'text': '11.4 km', 'value': 11424}, 'duration': {'text': '37 mins', 'value': 2222}, 'status': 'OK'}]}], 'status': 'OK'}"
80,POINT (103.77855900604786 1.4292778668795483),WOODGROVE,WDSZ05,3402.0,29445.0,"{'destination_addresses': ['7VM2+GH Singapore'], 'origin_addresses': ['331 Woodlands Ave 1, Singapore 730331'], 'rows': [{'elements': [{'distance': {'text': '29.4 km', 'value': 29445}, 'duration': {'text': '57 mins', 'value': 3402}, 'status': 'OK'}]}], 'status': 'OK'}"
81,POINT (103.81776138173517 1.446373092335174),SEMBAWANG CENTRAL,SBSZ03,2654.0,23466.0,"{'destination_addresses': ['7VM2+GH Singapore'], 'origin_addresses': ['329 Sembawang Cl, Block 329, Singapore 750329'], 'rows': [{'elements': [{'distance': {'text': '23.5 km', 'value': 23466}, 'duration': {'text': '44 mins', 'value': 2654}, 'status': 'OK'}]}], 'status': 'OK'}"
82,POINT (103.81569561923598 1.4569999143915437),SEMBAWANG NORTH,SBSZ04,3325.0,24293.0,"{'destination_addresses': ['7VM2+GH Singapore'], 'origin_addresses': ['484 Admiralty Link, Block 484, Singapore 750484'], 'rows': [{'elements': [{'distance': {'text': '24.3 km', 'value': 24293}, 'duration': {'text': '55 mins', 'value': 3325}, 'status': 'OK'}]}], 'status': 'OK'}"
83,POINT (103.84952192631033 1.3405695421520765),BRADDELL,TPSZ03,1357.0,8922.0,"{'destination_addresses': ['7VM2+GH Singapore'], 'origin_addresses': ['Blk 202, Singapore'], 'rows': [{'elements': [{'distance': {'text': '8.9 km', 'value': 8922}, 'duration': {'text': '23 mins', 'value': 1357}, 'status': 'OK'}]}], 'status': 'OK'}"
84,POINT (103.86563694354392 1.3330522433023972),POTONG PASIR,TPSZ09,1624.0,7274.0,"{'destination_addresses': ['7VM2+GH Singapore'], 'origin_addresses': ['143 Potong Pasir Ave 2, Singapore 350143'], 'rows': [{'elements': [{'distance': {'text': '7.3 km', 'value': 7274}, 'duration': {'text': '27 mins', 'value': 1624}, 'status': 'OK'}]}], 'status': 'OK'}"
85,POINT (103.85862554204955 1.3318789558594701),KIM KEAT,TPSZ07,2255.0,9408.0,"{'destination_addresses': ['7VM2+GH Singapore'], 'origin_addresses': ['254 Kim Keat Ave, Singapore 310254'], 'rows': [{'elements': [{'distance': {'text': '9.4 km', 'value': 9408}, 'duration': {'text': '38 mins', 'value': 2255}, 'status': 'OK'}]}], 'status': 'OK'}"
86,POINT (103.84594944248686 1.3326748250274754),TOA PAYOH CENTRAL,TPSZ02,1568.0,8493.0,"{'destination_addresses': ['7VM2+GH Singapore'], 'origin_addresses': ['191 Lor 1 Toa Payoh, Singapore 310157'], 'rows': [{'elements': [{'distance': {'text': '8.5 km', 'value': 8493}, 'duration': {'text': '26 mins', 'value': 1568}, 'status': 'OK'}]}], 'status': 'OK'}"
87,POINT (103.84168707099965 1.3398929365722465),MARYMOUNT,TPSZ01,1800.0,9521.0,"{'destination_addresses': ['7VM2+GH Singapore'], 'origin_addresses': ['10P Braddell Hill, Singapore 579733'], 'rows': [{'elements': [{'distance': {'text': '9.5 km', 'value': 9521}, 'duration': {'text': '30 mins', 'value': 1800}, 'status': 'OK'}]}], 'status': 'OK'}"
88,POINT (103.84488263114416 1.354342780488953),MARYMOUNT,BSSZ02,2208.0,11109.0,"{'destination_addresses': ['7VM2+GH Singapore'], 'origin_addresses': ['9 Bishan Street 22, Singapore 579767'], 'rows': [{'elements': [{'distance': {'text': '11.1 km', 'value': 11109}, 'duration': {'text': '37 mins', 'value': 2208}, 'status': 'OK'}]}], 'status': 'OK'}"
89,POINT (103.85302535189489 1.33526975040515),BOON TECK,TPSZ04,1661.0,8634.0,"{'destination_addresses': ['7VM2+GH Singapore'], 'origin_addresses': ['Lor. 5 Toa Payoh, Toa Payoh Sensory Park, Singapore'], 'rows': [{'elements': [{'distance': {'text': '8.6 km', 'value': 8634}, 'duration': {'text': '28 mins', 'value': 1661}, 'status': 'OK'}]}], 'status': 'OK'}"
90,POINT (103.85860906209408 1.3367878005261784),PEI CHUN,TPSZ06,2304.0,10162.0,"{'destination_addresses': ['7VM2+GH Singapore'], 'origin_addresses': ['10C Lor 7 Toa Payoh, Singapore 313010'], 'rows': [{'elements': [{'distance': {'text': '10.2 km', 'value': 10162}, 'duration': {'text': '38 mins', 'value': 2304}, 'status': 'OK'}]}], 'status': 'OK'}"
91,POINT (103.85710290534072 1.3408783282565637),KALLANG,TPSZ05,2392.0,10272.0,"{'destination_addresses': ['7VM2+GH Singapore'], 'origin_addresses': ['9 Lor 8 Toa Payoh, Singapore 319253'], 'rows': [{'elements': [{'distance': {'text': '10.3 km', 'value': 10272}, 'duration': {'text': '40 mins', 'value': 2392}, 'status': 'OK'}]}], 'status': 'OK'}"
92,POINT (103.81316375160503 1.3147027130481663),TYERSALL,TNSZ04,2634.0,12320.0,"{'destination_addresses': ['7VM2+GH Singapore'], 'origin_addresses': ['23 Gallop Rd, Singapore 258986'], 'rows': [{'elements': [{'distance': {'text': '12.3 km', 'value': 12320}, 'duration': {'text': '44 mins', 'value': 2634}, 'status': 'OK'}]}], 'status': 'OK'}"
93,POINT (103.7756561060507 1.4374637876731355),WOODLANDS WEST,WDSZ06,3585.0,29778.0,"{'destination_addresses': ['7VM2+GH Singapore'], 'origin_addresses': ['10 Marsiling Rd, Singapore 739109'], 'rows': [{'elements': [{'distance': {'text': '29.8 km', 'value': 29778}, 'duration': {'text': '1 hour 0 mins', 'value': 3585}, 'status': 'OK'}]}], 'status': 'OK'}"
94,POINT (103.9204288879125 1.314779503558256),FRANKEL,BDSZ05,2155.0,10391.0,"{'destination_addresses': ['7VM2+GH Singapore'], 'origin_addresses': ['29 Jedburgh Gardens, Singapore 457095'], 'rows': [{'elements': [{'distance': {'text': '10.4 km', 'value': 10391}, 'duration': {'text': '36 mins', 'value': 2155}, 'status': 'OK'}]}], 'status': 'OK'}"
95,POINT (103.83228399372955 1.3576629064053272),UPPER THOMSON,BSSZ01,2804.0,11411.0,"{'destination_addresses': ['7VM2+GH Singapore'], 'origin_addresses': ['446 Bright Hill Dr, Block 446, Singapore 570446'], 'rows': [{'elements': [{'distance': {'text': '11.4 km', 'value': 11411}, 'duration': {'text': '47 mins', 'value': 2804}, 'status': 'OK'}]}], 'status': 'OK'}"
96,POINT (103.85301318133197 1.3498220587326),BISHAN EAST,BSSZ03,1820.0,10576.0,"{'destination_addresses': ['7VM2+GH Singapore'], 'origin_addresses': ['186 Bishan Street 13, Block 186, Singapore 570186'], 'rows': [{'elements': [{'distance': {'text': '10.6 km', 'value': 10576}, 'duration': {'text': '30 mins', 'value': 1820}, 'status': 'OK'}]}], 'status': 'OK'}"
97,POINT (103.75753706906308 1.349136451535456),BUKIT BATOK EAST,BKSZ08,2710.0,18617.0,"{'destination_addresses': ['7VM2+GH Singapore'], 'origin_addresses': ['253 Bukit Batok East Ave 4, Singapore'], 'rows': [{'elements': [{'distance': {'text': '18.6 km', 'value': 18617}, 'duration': {'text': '45 mins', 'value': 2710}, 'status': 'OK'}]}], 'status': 'OK'}"
98,POINT (103.74225446020387 1.347475608561494),BUKIT BATOK WEST,BKSZ06,2706.0,18608.0,"{'destination_addresses': ['7VM2+GH Singapore'], 'origin_addresses': ['165 Bukit Batok West Ave. 8, Block 165, Singapore 650165'], 'rows': [{'elements': [{'distance': {'text': '18.6 km', 'value': 18608}, 'duration': {'text': '45 mins', 'value': 2706}, 'status': 'OK'}]}], 'status': 'OK'}"
99,POINT (103.7639149655907 1.355646745359269),HILLVIEW,BKSZ05,3006.0,17016.0,"{'destination_addresses': ['7VM2+GH Singapore'], 'origin_addresses': ['55 Hume Ave, Singapore 598752'], 'rows': [{'elements': [{'distance': {'text': '17.0 km', 'value': 17016}, 'duration': {'text': '50 mins', 'value': 3006}, 'status': 'OK'}]}], 'status': 'OK'}"
100,POINT (103.75747526696333 1.369284618291537),GOMBAK,BKSZ01,3241.0,17905.0,"{'destination_addresses': ['7VM2+GH Singapore'], 'origin_addresses': ['60 Gombak Rise, Singapore 667988'], 'rows': [{'elements': [{'distance': {'text': '17.9 km', 'value': 17905}, 'duration': {'text': '54 mins', 'value': 3241}, 'status': 'OK'}]}], 'status': 'OK'}"
101,POINT (103.753812021448 1.3554639621001174),GUILIN,BKSZ04,2287.0,19093.0,"{'destination_addresses': ['7VM2+GH Singapore'], 'origin_addresses': ['28 Bukit Batok Street 52, Singapore 659248'], 'rows': [{'elements': [{'distance': {'text': '19.1 km', 'value': 19093}, 'duration': {'text': '38 mins', 'value': 2287}, 'status': 'OK'}]}], 'status': 'OK'}"
102,POINT (103.75041327826303 1.347994466252916),BUKIT BATOK CENTRAL,BKSZ07,1968.0,17648.0,"{'destination_addresses': ['7VM2+GH Singapore'], 'origin_addresses': ['204 Bukit Batok Street 21, Block 204, Singapore 650204'], 'rows': [{'elements': [{'distance': {'text': '17.6 km', 'value': 17648}, 'duration': {'text': '33 mins', 'value': 1968}, 'status': 'OK'}]}], 'status': 'OK'}"
103,POINT (103.76865588284882 1.3262869201658198),SUNSET WAY,CLSZ02,2603.0,13458.0,"{'destination_addresses': ['7VM2+GH Singapore'], 'origin_addresses': ['41 Sunset View, Singapore 597203'], 'rows': [{'elements': [{'distance': {'text': '13.5 km', 'value': 13458}, 'duration': {'text': '43 mins', 'value': 2603}, 'status': 'OK'}]}], 'status': 'OK'}"
104,POINT (103.7630826299314 1.3120696890182506),CLEMENTI CENTRAL,CLSZ06,1843.0,12420.0,"{'destination_addresses': ['7VM2+GH Singapore'], 'origin_addresses': ['427 Clementi Ave 3, Singapore 120427'], 'rows': [{'elements': [{'distance': {'text': '12.4 km', 'value': 12420}, 'duration': {'text': '31 mins', 'value': 1843}, 'status': 'OK'}]}], 'status': 'OK'}"
105,POINT (103.76621094653824 1.318961091814195),CLEMENTI NORTH,CLSZ04,1711.0,12267.0,"{'destination_addresses': ['7VM2+GH Singapore'], 'origin_addresses': ['311A Clementi Ave 4, Singapore 121311'], 'rows': [{'elements': [{'distance': {'text': '12.3 km', 'value': 12267}, 'duration': {'text': '29 mins', 'value': 1711}, 'status': 'OK'}]}], 'status': 'OK'}"
106,POINT (103.84683310792556 1.4097877546033803),LOWER SELETAR,YSSZ05,,,"{'destination_addresses': ['7VM2+GH Singapore'], 'origin_addresses': ['1.40978775,103.84683311'], 'rows': [{'elements': [{'status': 'ZERO_RESULTS'}]}], 'status': 'OK'}"
107,POINT (103.87590880620235 1.3005938006056732),TANJONG RHU,KLSZ05,1696.0,7015.0,"{'destination_addresses': ['7VM2+GH Singapore'], 'origin_addresses': ['Stadium Walk, Singapore'], 'rows': [{'elements': [{'distance': {'text': '7.0 km', 'value': 7015}, 'duration': {'text': '28 mins', 'value': 1696}, 'status': 'OK'}]}], 'status': 'OK'}"
108,POINT (103.7660476225483 1.3868366580435967),SAUJANA,BPSZ02,3280.0,27193.0,"{'destination_addresses': ['7VM2+GH Singapore'], 'origin_addresses': ['521A Jelapang Rd, Singapore 671521'], 'rows': [{'elements': [{'distance': {'text': '27.2 km', 'value': 27193}, 'duration': {'text': '55 mins', 'value': 3280}, 'status': 'OK'}]}], 'status': 'OK'}"
109,POINT (103.76623589314505 1.3759400800126957),BUKIT PANJANG,BPSZ05,2921.0,18606.0,"{'destination_addresses': ['7VM2+GH Singapore'], 'origin_addresses': ['148 Gangsa Rd, Block 148 Block 148, Singapore 670148'], 'rows': [{'elements': [{'distance': {'text': '18.6 km', 'value': 18606}, 'duration': {'text': '49 mins', 'value': 2921}, 'status': 'OK'}]}], 'status': 'OK'}"
110,POINT (103.76024409292542 1.3856655199828922),SENJA,BPSZ01,3019.0,18678.0,"{'destination_addresses': ['7VM2+GH Singapore'], 'origin_addresses': ['625 Senja Rd, Singapore 670625'], 'rows': [{'elements': [{'distance': {'text': '18.7 km', 'value': 18678}, 'duration': {'text': '50 mins', 'value': 3019}, 'status': 'OK'}]}], 'status': 'OK'}"
111,POINT (103.8051226854415 1.3168406302053037),FARRER COURT,BTSZ08,2146.0,11694.0,"{'destination_addresses': ['7VM2+GH Singapore'], 'origin_addresses': [""107 King's Rd, Singapore 268150""], 'rows': [{'elements': [{'distance': {'text': '11.7 km', 'value': 11694}, 'duration': {'text': '36 mins', 'value': 2146}, 'status': 'OK'}]}], 'status': 'OK'}"
112,POINT (103.7706501904856 1.3845274112668733),FAJAR,BPSZ03,2929.0,27162.0,"{'destination_addresses': ['7VM2+GH Singapore'], 'origin_addresses': ['Fajar, Singapore'], 'rows': [{'elements': [{'distance': {'text': '27.2 km', 'value': 27162}, 'duration': {'text': '49 mins', 'value': 2929}, 'status': 'OK'}]}], 'status': 'OK'}"
113,POINT (103.83631589113597 1.2749498064887526),EVERTON PARK,BMSZ16,1250.0,3185.0,"{'destination_addresses': ['7VM2+GH Singapore'], 'origin_addresses': ['102 Spottiswoode Park Rd, Singapore 080102'], 'rows': [{'elements': [{'distance': {'text': '3.2 km', 'value': 3185}, 'duration': {'text': '21 mins', 'value': 1250}, 'status': 'OK'}]}], 'status': 'OK'}"
114,POINT (103.82460245666829 1.2740334212607562),TELOK BLANGAH RISE,BMSZ15,2298.0,8076.0,"{'destination_addresses': ['7VM2+GH Singapore'], 'origin_addresses': ['109 Bukit Purmei Rd, Block 109, Singapore 090109'], 'rows': [{'elements': [{'distance': {'text': '8.1 km', 'value': 8076}, 'duration': {'text': '38 mins', 'value': 2298}, 'status': 'OK'}]}], 'status': 'OK'}"
115,POINT (103.75811879981828 1.3410406214137431),BUKIT BATOK SOUTH,BKSZ09,3100.0,16979.0,"{'destination_addresses': ['7VM2+GH Singapore'], 'origin_addresses': ['557 Bukit Batok Street 23, Mount Ray, Singapore 659523'], 'rows': [{'elements': [{'distance': {'text': '17.0 km', 'value': 16979}, 'duration': {'text': '52 mins', 'value': 3100}, 'status': 'OK'}]}], 'status': 'OK'}"
116,POINT (103.82682636099557 1.2840299047502712),TIONG BAHRU STATION,BMSZ04,799.0,4043.0,"{'destination_addresses': ['7VM2+GH Singapore'], 'origin_addresses': ['6 Jln Membina, Singapore'], 'rows': [{'elements': [{'distance': {'text': '4.0 km', 'value': 4043}, 'duration': {'text': '13 mins', 'value': 799}, 'status': 'OK'}]}], 'status': 'OK'}"
117,POINT (103.81717555650181 1.2876488819707004),REDHILL,BMSZ03,965.0,5328.0,"{'destination_addresses': ['7VM2+GH Singapore'], 'origin_addresses': ['Opp Blk 71, Singapore'], 'rows': [{'elements': [{'distance': {'text': '5.3 km', 'value': 5328}, 'duration': {'text': '16 mins', 'value': 965}, 'status': 'OK'}]}], 'status': 'OK'}"
118,POINT (103.80888354720997 1.2766540278613796),TELOK BLANGAH DRIVE,BMSZ13,2247.0,7251.0,"{'destination_addresses': ['7VM2+GH Singapore'], 'origin_addresses': ['86 Telok Blangah Heights, Singapore 100086'], 'rows': [{'elements': [{'distance': {'text': '7.3 km', 'value': 7251}, 'duration': {'text': '37 mins', 'value': 2247}, 'status': 'OK'}]}], 'status': 'OK'}"
119,POINT (103.8223948291239 1.2869732464728796),HENDERSON HILL,BMSZ08,1121.0,4460.0,"{'destination_addresses': ['7VM2+GH Singapore'], 'origin_addresses': ['114 Bukit Merah View, Singapore 150114'], 'rows': [{'elements': [{'distance': {'text': '4.5 km', 'value': 4460}, 'duration': {'text': '19 mins', 'value': 1121}, 'status': 'OK'}]}], 'status': 'OK'}"
120,POINT (103.80958275370857 1.2875033719188949),ALEXANDRA HILL,BMSZ07,1476.0,6031.0,"{'destination_addresses': ['7VM2+GH Singapore'], 'origin_addresses': ['Jln Rumah Tinggi, Alexandra Hill East Neighbourhood Park, Singapore'], 'rows': [{'elements': [{'distance': {'text': '6.0 km', 'value': 6031}, 'duration': {'text': '25 mins', 'value': 1476}, 'status': 'OK'}]}], 'status': 'OK'}"
121,POINT (103.81858979265917 1.2820141779425303),BUKIT MERAH,BMSZ02,1550.0,6131.0,"{'destination_addresses': ['7VM2+GH Singapore'], 'origin_addresses': ['3500A Bukit Merah Central, Singapore 159838'], 'rows': [{'elements': [{'distance': {'text': '6.1 km', 'value': 6131}, 'duration': {'text': '26 mins', 'value': 1550}, 'status': 'OK'}]}], 'status': 'OK'}"
122,POINT (103.7742990578821 1.3771012406503813),BANGKIT,BPSZ04,2411.0,16574.0,"{'destination_addresses': ['7VM2+GH Singapore'], 'origin_addresses': ['274 Bangkit Rd, Block 274, Singapore 670274'], 'rows': [{'elements': [{'distance': {'text': '16.6 km', 'value': 16574}, 'duration': {'text': '40 mins', 'value': 2411}, 'status': 'OK'}]}], 'status': 'OK'}"
123,POINT (103.82515655610452 1.4533908509270346),ADMIRALTY,SBSZ05,3055.0,23971.0,"{'destination_addresses': ['7VM2+GH Singapore'], 'origin_addresses': ['272 Canada Rd, Singapore 759801'], 'rows': [{'elements': [{'distance': {'text': '24.0 km', 'value': 23971}, 'duration': {'text': '51 mins', 'value': 3055}, 'status': 'OK'}]}], 'status': 'OK'}"
124,POINT (103.897689479572 1.391589437017176),SENGKANG TOWN CENTRE,SESZ03,2259.0,14875.0,"{'destination_addresses': ['7VM2+GH Singapore'], 'origin_addresses': ['239 Compassvale Walk, Singapore 540239'], 'rows': [{'elements': [{'distance': {'text': '14.9 km', 'value': 14875}, 'duration': {'text': '38 mins', 'value': 2259}, 'status': 'OK'}]}], 'status': 'OK'}"
125,POINT (103.88919629511551 1.3944258352532413),BUANGKOK,SESZ04,2641.0,15355.0,"{'destination_addresses': ['7VM2+GH Singapore'], 'origin_addresses': ['317B Anchorvale Rd, Singapore 542317'], 'rows': [{'elements': [{'distance': {'text': '15.4 km', 'value': 15355}, 'duration': {'text': '44 mins', 'value': 2641}, 'status': 'OK'}]}], 'status': 'OK'}"
126,POINT (103.87776318666913 1.3949100848110403),JALAN KAYU EAST,SESZ06,2870.0,17978.0,"{'destination_addresses': ['7VM2+GH Singapore'], 'origin_addresses': ['430D Fernvale Link, Singapore 794430'], 'rows': [{'elements': [{'distance': {'text': '18.0 km', 'value': 17978}, 'duration': {'text': '48 mins', 'value': 2870}, 'status': 'OK'}]}], 'status': 'OK'}"
127,POINT (103.86842656138963 1.3746125282606725),SERANGOON NORTH,SGSZ02,2937.0,15221.0,"{'destination_addresses': ['7VM2+GH Singapore'], 'origin_addresses': ['5A Serangoon North Ave 5, Singapore 554574'], 'rows': [{'elements': [{'distance': {'text': '15.2 km', 'value': 15221}, 'duration': {'text': '49 mins', 'value': 2937}, 'status': 'OK'}]}], 'status': 'OK'}"
128,POINT (103.85408893882939 1.37271112727227),CHENG SAN,AMSZ02,2124.0,13192.0,"{'destination_addresses': ['7VM2+GH Singapore'], 'origin_addresses': ['588D Ang Mo Kio Street 51, Singapore 564588'], 'rows': [{'elements': [{'distance': {'text': '13.2 km', 'value': 13192}, 'duration': {'text': '35 mins', 'value': 2124}, 'status': 'OK'}]}], 'status': 'OK'}"
129,POINT (103.84849026463398 1.3834896441550817),YIO CHU KANG,AMSZ08,2037.0,14409.0,"{'destination_addresses': ['7VM2+GH Singapore'], 'origin_addresses': ['2 Ang Mo Kio Street 63, Singapore 569111'], 'rows': [{'elements': [{'distance': {'text': '14.4 km', 'value': 14409}, 'duration': {'text': '34 mins', 'value': 2037}, 'status': 'OK'}]}], 'status': 'OK'}"
130,POINT (103.83961008503744 1.3734668818697695),KEBUN BAHRU,AMSZ06,2641.0,13841.0,"{'destination_addresses': ['7VM2+GH Singapore'], 'origin_addresses': ['8 Mayflower Pl, Singapore 568689'], 'rows': [{'elements': [{'distance': {'text': '13.8 km', 'value': 13841}, 'duration': {'text': '44 mins', 'value': 2641}, 'status': 'OK'}]}], 'status': 'OK'}"
131,POINT (103.85565259182516 1.364264761559376),CHONG BOON,AMSZ03,2199.0,13298.0,"{'destination_addresses': ['7VM2+GH Singapore'], 'origin_addresses': ['8 Ang Mo Kio Ave 10, Singapore 569731'], 'rows': [{'elements': [{'distance': {'text': '13.3 km', 'value': 13298}, 'duration': {'text': '37 mins', 'value': 2199}, 'status': 'OK'}]}], 'status': 'OK'}"
132,POINT (103.84681301864413 1.3727695764666623),TOWN CENTRE,AMSZ01,1845.0,12798.0,"{'destination_addresses': ['7VM2+GH Singapore'], 'origin_addresses': ['725 Ang Mo Kio Ave 6, Singapore 560725'], 'rows': [{'elements': [{'distance': {'text': '12.8 km', 'value': 12798}, 'duration': {'text': '31 mins', 'value': 1845}, 'status': 'OK'}]}], 'status': 'OK'}"
133,POINT (103.84847259439127 1.3653547009282578),TOWNSVILLE,AMSZ04,1936.0,12896.0,"{'destination_addresses': ['7VM2+GH Singapore'], 'origin_addresses': ['321 Ang Mo Kio Ave 1, Singapore 560321'], 'rows': [{'elements': [{'distance': {'text': '12.9 km', 'value': 12896}, 'duration': {'text': '32 mins', 'value': 1936}, 'status': 'OK'}]}], 'status': 'OK'}"
134,POINT (103.93601853525455 1.3304270150583648),BEDOK NORTH,BDSZ04,2306.0,12399.0,"{'destination_addresses': ['7VM2+GH Singapore'], 'origin_addresses': ['114 Bedok North Street 2, Singapore 460114'], 'rows': [{'elements': [{'distance': {'text': '12.4 km', 'value': 12399}, 'duration': {'text': '38 mins', 'value': 2306}, 'status': 'OK'}]}], 'status': 'OK'}"
135,POINT (103.91561979344296 1.3248109288099699),KEMBANGAN,BDSZ03,1661.0,9735.0,"{'destination_addresses': ['7VM2+GH Singapore'], 'origin_addresses': ['44 Jln Selamat, Singapore 418569'], 'rows': [{'elements': [{'distance': {'text': '9.7 km', 'value': 9735}, 'duration': {'text': '28 mins', 'value': 1661}, 'status': 'OK'}]}], 'status': 'OK'}"
136,POINT (103.94455441283195 1.3214431596795542),BEDOK SOUTH,BDSZ06,2122.0,13752.0,"{'destination_addresses': ['7VM2+GH Singapore'], 'origin_addresses': ['299 Bedok South Ave 3, Singapore 469298'], 'rows': [{'elements': [{'distance': {'text': '13.8 km', 'value': 13752}, 'duration': {'text': '35 mins', 'value': 2122}, 'status': 'OK'}]}], 'status': 'OK'}"
137,POINT (103.9263292448462 1.3400409314855872),BEDOK RESERVOIR,BDSZ02,2805.0,15049.0,"{'destination_addresses': ['7VM2+GH Singapore'], 'origin_addresses': ['Waterfront Isle, Singapore'], 'rows': [{'elements': [{'distance': {'text': '15.0 km', 'value': 15049}, 'duration': {'text': '47 mins', 'value': 2805}, 'status': 'OK'}]}], 'status': 'OK'}"
138,POINT (103.90956452831635 1.335579874452197),KAKI BUKIT,BDSZ01,1891.0,11398.0,"{'destination_addresses': ['7VM2+GH Singapore'], 'origin_addresses': ['30 Kaki Bukit Ave 1, Singapore 415804'], 'rows': [{'elements': [{'distance': {'text': '11.4 km', 'value': 11398}, 'duration': {'text': '32 mins', 'value': 1891}, 'status': 'OK'}]}], 'status': 'OK'}"
139,POINT (103.75488030985971 1.3815515594188412),TECK WHYE,CKSZ01,2977.0,19351.0,"{'destination_addresses': ['7VM2+GH Singapore'], 'origin_addresses': ['7 Teck Whye Ave, Block 7, Singapore 680007'], 'rows': [{'elements': [{'distance': {'text': '19.4 km', 'value': 19351}, 'duration': {'text': '50 mins', 'value': 2977}, 'status': 'OK'}]}], 'status': 'OK'}"
140,POINT (103.74646476265116 1.3754903129687617),KEAT HONG,CKSZ02,2986.0,23562.0,"{'destination_addresses': ['7VM2+GH Singapore'], 'origin_addresses': ['818 Choa Chu Kang Ave 7, Singapore'], 'rows': [{'elements': [{'distance': {'text': '23.6 km', 'value': 23562}, 'duration': {'text': '50 mins', 'value': 2986}, 'status': 'OK'}]}], 'status': 'OK'}"
141,POINT (103.7479361878935 1.4006830073328405),YEW TEE,CKSZ06,2593.0,23735.0,"{'destination_addresses': ['7VM2+GH Singapore'], 'origin_addresses': ['673B Choa Chu Kang Cres, Singapore 682673'], 'rows': [{'elements': [{'distance': {'text': '23.7 km', 'value': 23735}, 'duration': {'text': '43 mins', 'value': 2593}, 'status': 'OK'}]}], 'status': 'OK'}"
142,POINT (103.74335593093564 1.3922011668832475),KRANJI NORTH,CKSZ05,2939.0,24196.0,"{'destination_addresses': ['7VM2+GH Singapore'], 'origin_addresses': ['Blk 533 Choa Chu Kang Street 51 Limbang Shopping Centre [next to McDonald], Singapore 680533'], 'rows': [{'elements': [{'distance': {'text': '24.2 km', 'value': 24196}, 'duration': {'text': '49 mins', 'value': 2939}, 'status': 'OK'}]}], 'status': 'OK'}"
143,POINT (103.73863640926467 1.379338462435966),PENG SIANG,CKSZ04,3019.0,22945.0,"{'destination_addresses': ['7VM2+GH Singapore'], 'origin_addresses': ['403 Choa Chu Kang Ave 3, Block 403, Singapore 680403'], 'rows': [{'elements': [{'distance': {'text': '22.9 km', 'value': 22945}, 'duration': {'text': '50 mins', 'value': 3019}, 'status': 'OK'}]}], 'status': 'OK'}"
144,POINT (103.76309252587441 1.3025213613981015),CLEMENTI WEST,CLSZ08,2873.0,15095.0,"{'destination_addresses': ['7VM2+GH Singapore'], 'origin_addresses': ['716 Clementi West Street 2, Block 716 Block 716, Singapore 120716'], 'rows': [{'elements': [{'distance': {'text': '15.1 km', 'value': 15095}, 'duration': {'text': '48 mins', 'value': 2873}, 'status': 'OK'}]}], 'status': 'OK'}"
145,POINT (103.7685932183672 1.3054818515531963),CLEMENTI WOODS,CLSZ07,3541.0,12119.0,"{'destination_addresses': ['7VM2+GH Singapore'], 'origin_addresses': ['610 Clementi West Street 1, Block 610, Singapore 120610'], 'rows': [{'elements': [{'distance': {'text': '12.1 km', 'value': 12119}, 'duration': {'text': '59 mins', 'value': 3541}, 'status': 'OK'}]}], 'status': 'OK'}"
146,POINT (103.8015384164759 1.3255698040616188),CORONATION ROAD,BTSZ06,2393.0,10258.0,"{'destination_addresses': ['7VM2+GH Singapore'], 'origin_addresses': ['663 Bukit Timah Rd, Singapore 269783'], 'rows': [{'elements': [{'distance': {'text': '10.3 km', 'value': 10258}, 'duration': {'text': '40 mins', 'value': 2393}, 'status': 'OK'}]}], 'status': 'OK'}"
147,POINT (103.77156509131723 1.3378840826832452),ANAK BUKIT,BTSZ01,2453.0,13796.0,"{'destination_addresses': ['7VM2+GH Singapore'], 'origin_addresses': ['72 Toh Yi Dr, Singapore 596543'], 'rows': [{'elements': [{'distance': {'text': '13.8 km', 'value': 13796}, 'duration': {'text': '41 mins', 'value': 2453}, 'status': 'OK'}]}], 'status': 'OK'}"
148,POINT (103.98251500826048 1.3903187052175483),CHANGI POINT,CHSZ01,3929.0,22735.0,"{'destination_addresses': ['7VM2+GH Singapore'], 'origin_addresses': ['392 Sealand Rd, Singapore 508251'], 'rows': [{'elements': [{'distance': {'text': '22.7 km', 'value': 22735}, 'duration': {'text': '1 hour 5 mins', 'value': 3929}, 'status': 'OK'}]}], 'status': 'OK'}"
149,POINT (103.8591466658817 1.310821519904058),LAVENDER,KLSZ06,1111.0,3919.0,"{'destination_addresses': ['7VM2+GH Singapore'], 'origin_addresses': ['6 Allenby Rd, Singapore 209975'], 'rows': [{'elements': [{'distance': {'text': '3.9 km', 'value': 3919}, 'duration': {'text': '19 mins', 'value': 1111}, 'status': 'OK'}]}], 'status': 'OK'}"
150,POINT (103.84281767106428 1.3176438622258073),MOULMEIN,NVSZ02,1292.0,6753.0,"{'destination_addresses': ['7VM2+GH Singapore'], 'origin_addresses': ['37 Goldhill Plaza, Singapore'], 'rows': [{'elements': [{'distance': {'text': '6.8 km', 'value': 6753}, 'duration': {'text': '22 mins', 'value': 1292}, 'status': 'OK'}]}], 'status': 'OK'}"
