LANDYADDRE,LANDXADDRE,ADDRESSBLO,PHOTOURL,NAME,HYPERLINK,DESCRIPTIO,ADDRESSUNI,ADDRESSTYP,ADDRESSSTR,ADDRESSBUI,ADDRESSPOS,ADDRESSFLO,INC_CRC,FMEL_UPD_D
33207.0025,35236.37429,Blk 1,https://roots.sg/~/media/Roots/Images/historic-sites/027-geylang-serai/027-geylang-serai.png,Geylang Serai,https://www.roots.gov.sg/places/places-landing/Places/historic-sites/geylang-serai,Geylang Serai is a social centre for the Malay community in Singapore. It was originally filled with lemongrass (â€œseraiâ€� in Malay) plantations between the 1890s to early 1900s.,,,Geylang Serai,Main entrance of Geylanf Serai Market and Food Centre,402001,,C39637443263CC37,2021/03/05
33688.04308,29286.99274,11,https://roots.sg/~/media/Roots/Images/historic-sites/088-tan-tock-seng-hospital/088-tan-tock-seng-hospital.png,Tan Tock Seng Hospital,https://www.roots.gov.sg/places/places-landing/Places/historic-sites/tan-tock-seng-hospital,"This hospital was founded in 1844 by Tan Tock Seng, a philanthropic Hokkien Chinese pioneer, for the poor and destitute. Here, several firsts in Singapore's medical history were achieved.",,,Jalan Tan Tock Seng,Sinaran Drive entrance of Tan Tock Seng Hospital,308433,,BBE3B031C524004C,2021/03/05
27216.31193,24876.06194,,https://roots.sg/~/media/Nhb/Images/Places/Historic%20Sites/Batu%20Berlayar-23-Batu-Berlayar.jpg,Batu Berlayar,https://www.roots.gov.sg/places/places-landing/Places/historic-sites/batu-berlayar,"Batu Berlayar (â€œSailing Rockâ€�), together with a rock on the opposite shore of Tanjong Rimau, formed a gateway to the west of Keppel Harbour. It was blown up in 1848 to widen the harbourâ€™s entrance.",,,Labrador Villa Road,"Batu Berlayar Point, near Car Park B, Labrador Nature Reserve",119187,,68912A29A2597F31,2021/03/05
29343.7756,28624.68173,,https://roots.sg/~/media/Roots/Images/historic-sites/056-outram-road-prison/056-outram-road-prison.png,Outram Road Prison,https://www.roots.gov.sg/places/places-landing/Places/historic-sites/outram-road-prison,"Outram Road Prison was the main jail in Singapore until Changi Prison opened in 1937. Thereafter, it became a remand prison, housing opium addicts, juvenile delinquents, and political detainees.",,,,"Outram Park MRT Station, Exit B",,,440AB597E635B4ED,2021/03/05
31453.6417,30191.5892,178,https://roots.sg/~/media/Roots/Images/historic-sites/046-kwan-im-thong-hood-cho-temple/046-kwan-im-thong-hood-cho-temple.png,Kwan Im Thong Hood Cho Temple,https://www.roots.gov.sg/places/places-landing/Places/historic-sites/kwan-im-thong-hood-cho-temple,"This temple was built in 1884, showcasing a fine example of Chinese temple architecture and traditional craftsmanship. The temple played an important role in providing refuge for the sick, the wounded and the homeless during the Japanese Occupation.",,,Waterloo Street,,187964,,B05024F7D0EDFD9D,2021/03/05
41502.26691,45498.70638,,https://roots.sg/~/media/Roots/Images/historic-sites/064-pulau-sejahat/064-pulau-sejahat.png,Pulau Sejahat,https://www.roots.gov.sg/places/places-landing/Places/historic-sites/pulau-sejahat,"Pulau Sejahat was designated as a British defence outpost. The military encampment on the island included gun emplacements, water tanks and observation towers.",,,,"Changi Beach Park Lamp Post A2-13 (113), near Car Park 2",,,C92BC1A560364DE5,2021/03/05
31425.77675,30180.34903,152,https://roots.sg/~/media/Roots/Images/historic-sites/084-sri-krishnan-temple/084-sri-krishnan-temple.png,Sri Krishnan Temple,https://www.roots.gov.sg/places/places-landing/Places/historic-sites/sri-krishnan-temple,This temple was built in 1870 and is one of the oldest Hindu temples in Singapore.,,,Waterloo Street,,187961,,AFEB564942DB0285,2021/03/05
31385.89238,24070.57688,Between Blocks 46-2 and 46-3,https://roots.sg/~/media/Nhb/Images/Places/Historic%20Sites/queenstown-48-Queenstown.jpg,Queenstown Historic Marker,https://www.roots.gov.sg/places/places-landing/Places/historic-sites/queenstown,Queenstown was built in 1960s to meet housing shortage in Singapore after the Second World War. It is Singaporeâ€™s first satellite town â€“ an estate with amenities to meet residentsâ€™ needs.,,,Commonwealth Drive,,140462,,C9D6485E06070A45,2021/03/05
32001.96956,35714.28045,19,https://roots.sg/~/media/Roots/Images/historic-sites/085-sri-senpaga-vinyagar-temple/085-sri-senpaga-vinayagar-temple.png,Sri Senpaga Vinayagar Temple,https://www.roots.gov.sg/places/places-landing/Places/historic-sites/sri-senpaga-vinayagar-temple,"This temple was built by Ceylon Tamils. It began in an attap shed under a champak (â€œsenpagaâ€� in Tamil) tree in 1875, located near the discovery site of a statue of Vinayagar (the deity Ganesha).",,,Ceylon Road,,429613,,E8A9DCD705EC1738,2021/03/05
29753.15726,29897.23597,80,https://roots.sg/~/media/Roots/Images/historic-sites/093-united-overseas-bank/093-united-overseas-bank.png,United Overseas Bank,https://www.roots.gov.sg/places/places-landing/Places/historic-sites/united-overseas-bank,"On 1 October 1935, UOB opened for business at the Bonham Building in Raffles Place. Over the years, it grew to become one of Singaporeâ€™s leading banks.",,,Raffles Place,UOB Plaza One,48624,,7230C867D3A5311E,2021/03/05
36014.40412,27904.78333,181,https://roots.sg/~/media/Roots/Images/historic-sites/050-macritchie-reservoir/050-macritchie-reservoir.png,MacRitchie Reservoir,https://www.roots.gov.sg/places/places-landing/Places/historic-sites/macritchie-reservoir,"Singaporeâ€™s first reservoir was officially opened in 1878 as the Impounding Reservoir, to supply freshwater for the growing population. It has also been a popular place for recreation over the years.",,,Lornie Road,"At the foot of Hilltop, Macritchie Reservoir Park",297732,,774E9CD52186B904,2021/03/05
39159.48712,27200.33229,,https://roots.sg/~/media/Roots/Images/historic-sites/049-lower-peirce-reservoir/049-lower-peirce-reservoir.png,Lower Peirce Reservoir,https://www.roots.gov.sg/places/places-landing/Places/historic-sites/lower-peirce-reservoir,"This is Singaporeâ€™s second reservoir, constructed after water demand outgrew the capacity of MacRitchie Reservoir. It was known as Kalang River Reservoir when it opened in 1912.",,,Old Upper Thomson Road,"Beside Jetty, Lower Peirce Reservoir Park",,,6535E46F998C855F,2021/03/05
31091.06332,29693.45285,1,https://roots.sg/~/media/Roots/Images/historic-sites/043-kempeitai-east-district-branch/015-ymca-kempeitai-east-district-branch.png,Kempeitai East District Branch,https://www.roots.gov.sg/places/places-landing/Places/historic-sites/kempeitai-east-district-branch,"The original building, the YMCA, was used by the East Branch of the Kempeitai (Japanese Military Police) during the Japanese Occupation. Local anti-Japanese suspects were imprisoned and tortured for information here. The building was pulled down in 1981.",,,Orchard Road,"Junction of Fort Canning Road and Orchard Road, beside YMCA",238824,,E98BCFD233C142ED,2021/03/05
32158.87088,29753.39991,,https://roots.sg/~/media/Roots/Images/historic-sites/041-kandang-kerbau-hospital/041-kandang-kerbau-hospital.png,Kandang Kerbau Hospital,https://www.roots.gov.sg/places/places-landing/Places/historic-sites/kandang-kerbau-hospital,"Kandang Kerbau Hospital, the birthplace of over 1.2 million Singaporeans, was the largest maternity hospital in the world from the early 1950s to the early 1970s. It was named after the district where it was located. The district around the crossroads fo",,,,Junction of Bukit Timah Road and Tekka Lane,,,BEEA037FE82D7668,2021/03/05
29905.03981,30038.46395,,https://roots.sg/~/media/Roots/Images/historic-sites/018-deng-xiao-ping/018-deng-xiao-ping.png,Deng Xiaoping Historic Marker,https://www.roots.gov.sg/places/places-landing/Places/historic-sites/deng-xiaoping,"Originally known as Deng Xiansheng and his school name Deng Xixian, Deng Xiaoping was born on 22 August 1904 in Guang'an County, Sichuan Province. In 1920, Deng left forÂ studies in France. His six-year stay in France proved to be a turning point in hi",,,,"Beside Anderson Bridge, on the grounds of the Asian Civilisations Museum",,,C76E2534DCAD5980,2021/03/05
31392.99923,30287.97734,Block 269,https://roots.sg/~/media/Roots/Images/historic-sites/011-central-sikh-temple/011-central-sikh-temple.png,Central Sikh Temple,https://www.roots.gov.sg/places/places-landing/Places/historic-sites/central-sikh-temple,"Also known as the Wadda Gurdwara, this Sikh temple was the first set up in a bungalow at Queen Street in 1912. The temple is now relocated at Towner Road.",,,Queen Street,In front of #01-234,180269,,EAF7A7409038A0F5,2021/03/05
37003.4873,20595.67033,,https://roots.sg/~/media/Roots/Images/historic-sites/009-bukit-batok-memorial/009-bukit-batok-memorial.png,Bukit Batok Memorials,https://www.roots.gov.sg/places/places-landing/Places/historic-sites/bukit-batok-memorials,"Two memorials, one for the Japanese soldiers and the other for Allied Soldiers sat on top on this hill-top. The former was Syonan Chureito, built by 500 Allied Prisoners of War while the latter was a wooden cross that stood behind.",,,Lorong Sesuai End,Bukit Batok Nature Park,,,6DF3F0447680EBA0,2021/03/05
36756.86231,21734.81653,,https://roots.sg/~/media/Roots/Images/historic-sites/010-bukit-timah-battle/010-bukit-timah-battle.png,Battle of Bukit Timah,https://www.roots.gov.sg/places/places-landing/Places/historic-sites/bukit-timah-battle,One of the fiercest military encounters during WWII took place here as the Bukit Timah area held strategic and tactical importance to the Japanese and the British. This site marks Percival's final defence of southern Singapore against the Japanese invade,,,,"Bukit Timah Nature Reserve, near visitor centre, Bukit Timah Hill",,,35A9C35EAD6A6F09,2021/03/05
33393.25121,30408.36718,,https://roots.sg/~/media/Roots/Images/historic-sites/004-balestier-plain/004-balestier-plain.png,Balestier Plain,https://www.roots.gov.sg/places/places-landing/Places/historic-sites/balestier-plain,"Balestier Road, from which Balestier Plain takes its name, was named after Joseph Balestier, a keen botanist and agriculturist who arrived in Singapore in 1834. He was appointed as the first U.S Consul in Singapore in 1836 by then President of the United",,,"Balestier Road, Beside Bus Stop No. 50239, Near Ceylon Sports Club",,,,5493CC002368EA74,2021/03/05
29176.45878,29483.34518,70,https://roots.sg/~/media/Roots/Images/historic-sites/003-anglo-chinese-school/003-ango-chinese-school.png,Anglo-Chinese School,https://www.roots.gov.sg/places/places-landing/Places/historic-sites/anglo-chinese-school,"The Anglo-Chinese School (ACS) was founded by Rev. William Fitzjames Oldham in 1886 at a shophouse in Amoy Street. Starting with 13 students, the school aimed to provide an education for the many boys Bishop Fitzjames saw wandering aimlessly in the stree",,,Amoy Street,,69889,,10CD73A186BEC9B4,2021/03/05
29825.18484,24549.36849,378,https://roots.sg/~/media/Roots/Images/historic-sites/002-alexandra-hospital/002-alexandra-hospital.png,Alexandra Hospital,https://www.roots.gov.sg/places/places-landing/Places/historic-sites/alexandra-hospital,"Opened in 1940, the Alexandra Hospital (former British Military Hospital) served as the principal hospital for Britainâ€™s Far East Command during World War II. The hospital was the most-advanced and best-equipped medical institution in Singapore an",,,Alexandra Road,Garden Valley at Alexandra Hospital,159964,,735F8BF172CDD432,2021/03/05
34576.16502,25866.71756,,https://roots.sg/~/media/Roots/Images/historic-sites/001-adam-park-battle/001-adam-park-battle.png,Adam Park,https://www.roots.gov.sg/places/places-landing/Places/historic-sites/adam-park-battle,"Adam park estate was the site of intense fighting between British forces and the invading Japanese army in February 1942, in the last days before the British surrendered Singapore.",,,,"Junction of Adam Road and Adam Park, near 7 Adam Park",,,B31F88FD8F2FAFEA,2021/03/05
41511.22239,45481.79011,,https://roots.sg/~/media/Roots/Images/historic-sites/012-changi-beach-massacre/012-changi-beach-massacre.png,Changi Beach Massacre,https://www.roots.gov.sg/places/places-landing/Places/historic-sites/changi-beach-massacre,Changi Beach was a massacre site of Sook Ching. The Hojo Kempei (Japanese auxiliary military police) machine-gunned many male civilians on this shore on 20 February 1942.,,,,"Changi Beach Park Lamp Post A2-13 (113), Near Car Park 2",,,403FF9993C32FA6A,2021/03/05
29751.33,29759.56,65,https://roots.sg/~/media/Roots/Images/historic-sites/057-oversea-chinese-banking-corporation/057-oversea-chinese-banking-corporation.png,Oversea-Chinese Banking Corporation,https://www.roots.gov.sg/places/places-landing/Places/historic-sites/oversea-chinese-banking-coporation,OCBC Bank was formed in 1932 through the merger of three Hokkien banks. It was originally located at China Building which featured a prominent Chinese-style roof and classical elements on its faÃ§ade.,,,Chulia Street,North Tower OCBC Headquarters,49513,,C423145212EC607A,2021/03/05
29488.24787,29733.75015,76,https://roots.sg/~/media/Roots/Images/historic-sites/024-fuk-tak-chi/024-fuk-tak-chi.png,Fuk Tak Chi,https://www.roots.gov.sg/places/places-landing/Places/historic-sites/fuk-tak-chi,"This building housed Fuk Tak Chi (â€œFu De Ciâ€� in Mandarin), one of the Singaporeâ€™s oldest Chinese temples, from the 1820s to 1994. It was later converted into a museum.",,,Telok Ayer Street,Far East Square,48464,,ABB4B83F059D3AEE,2021/03/05
35833.95672,25571.15922,,https://roots.sg/~/media/Nhb/Images/Places/Historic%20Sites/sime_pillbox-Sime-Road-Machine-Gun-Pillbox.jpg,Sime Road Machine-Gun Pillbox,https://www.roots.gov.sg/places/places-landing/Places/historic-sites/sime-road-machine-gun-pillbox,This pillbox was located inland to provide fire cover and defence for key installations in Bukit Timah during the Second World War.,,,Sime Road,"Lamp Post 32, near Singapore Island Country Club (Island Location) Entrance",,,FCE70A710390BCD6,2021/03/05
30935.90074,30555.98193,,https://roots.sg/~/media/Roots/Images/historic-sites/061-peoples-defence-force/061peoplesdefenceforce.png,Peoplesâ€™ Defence Force Headquarters,https://www.roots.gov.sg/places/places-landing/Places/historic-sites/peoples-defence-force-headquarters,"In the early days of the SAF and Singaporeâ€™s independence, the Singapore Infantry Regiment and the PDF shouldered the duties of national defence. The Beach Road Army Camp played a significant role in the transformation.",,,Beach Road,"Former Beach Road Camp, South Beach Development",,,4A91531E18037662,2021/03/05
30263.73,26931.2,,https://roots.sg/~/media/Roots/Images/historic-sites/025-gan-eng-seng-school/025-gan-eng-seng-school.png,Gan Eng Seng School,https://www.roots.gov.sg/places/places-landing/Places/historic-sites/gan-eng-seng-school,"In 1885, Gan Eng Seng founded a free school for poor boys in Singapore. Initially named the Anglo-Chinese Free School, it was among the earliest schools to offer a bilingual education. The school moved to its first new building about 50 metres behind Tel",,,Junction of Telok Ayer Street and Cecil Street,Landscape Plaza,,,5A942426AA3BF6AE,2021/03/05
26138.63329,28446.55458,27,https://roots.sg/~/media/Roots/Images/historic-sites/076-sentosa-beach/076-sentosa-beach.png,Sentosa Beach Massacre Site,https://www.roots.gov.sg/places/places-landing/Places/historic-sites/sentosa-beach,"Surrendered British Gunners awaiting Japanese internment buried some 300 bullet-ridden corpses washed ashore on Pulau Blakang Mati, now known as Sentosa.",,,Bukit Manis Road,"Former Berhala Reping Artillery Post, Serapong Course Road, Course 4, Sentosa Golf Club",99892,,842CED2BDBB1E953,2021/03/05
29504.64593,29673.09594,130,https://roots.sg/~/media/Roots/Images/historic-sites/015-chui-eng-free-school/015-chui-eng-free-school.png,Chui Eng Free School,https://www.roots.gov.sg/places/places-landing/Places/historic-sites/chui-eng-free-school,Chui Eng Free School was established here in 1854 by the Singapore Hokkien Huay Kuan. It was the second-oldest private Chinese school and also one of the first free educational institutions in Singapore.,,,Amoy Street,Far East Square,49959,,A633330BED99345B,2021/03/05
30044.69101,29190.1987,10,https://roots.sg/~/media/Roots/Images/historic-sites/055-omar-kampong-malacca-mosque/055-omar-kampong-malacca-mosque.png,Omar Kampong Malacca Mosque,https://www.roots.gov.sg/places/places-landing/Places/historic-sites/omar-kampong-malacca-mosque,"Established in 1820, Omar Kampong Malacca Mosque is Singaporeâ€™s oldest mosque. In the 1850s, the original timber structure made way for the current building to accommodate the mosqueâ€™s growing needs.",,,Keng Cheow Street,,59607,,51011449FCC6C1F4,2021/03/05
42531.59573,25032.92772,,https://roots.sg/~/media/Roots/Images/historic-sites/095-upper-seletar-reservoir/095-upper-seletar-reservoir.png,Upper Seletar Reservoir,https://www.roots.gov.sg/places/places-landing/Places/historic-sites/upper-seletar-reservoir,Singaporeâ€™s third reservoir was constructed in 1920 to meet the increased demand for freshwater in Singapore. The iconic lookout tower was added to the reservoir in the 1960s.,,,,"Beside Lookout Tower, Upper Seletar Reservoir Park, Mandai Road Track 7",,,49E9DAC0BE334E3E,2021/03/05
32497.69621,30922.31506,100,https://roots.sg/~/media/Roots/Images/historic-sites/032-jalan-besar-stadium/032-jalan-besar-stadium.png,Jalan Besar Stadium,https://www.roots.gov.sg/places/places-landing/Places/historic-sites/jalan-besar-stadium,"Jalan Besar Stadium was Singaporeâ€™s main football arena until the National Stadium opened. It also hosted various national events, such as Singapore Youth Festival and National Day Parade.",,,Tyrwhitt Road,North entrance of Jalan Besar Stadium,207542,,DC06E8F21F645501,2021/03/05
31053.10931,30680.44551,99,https://roots.sg/~/media/Roots/Images/historic-sites/006-beach-road-police-station/006-beach-road-police-station.png,Beach Road Police Station,https://www.roots.gov.sg/places/places-landing/Places/historic-sites/beach-road-police-station,"In the early 1900s, Singapore grew rapidly and the crime rate rose with the city's expansion. Harold Fariburn - the Inspector - General of Police from 1925 to 1935 - realised that the Police needed a programme of modernisation and expansion. As a result,",,,Beach Road,,189701,,A8221E15CA353491,2021/03/05
29898.95243,28937.23348,5,https://roots.sg/~/media/Roots/Images/historic-sites/060-pearls-hill-school/060pearlshillschool.png,Pearl's Hill School,https://www.roots.gov.sg/places/places-landing/Places/historic-sites/pearls-hill-school,Pearlâ€™s Hill School began in 1876 at Cross Street as the Singapore Chinese Branch School. It was among the first English elementary schools established by the colonial government.,,,Pearl's Hill Road,,168996,,2F02DCB2A41D7B79,2021/03/05
31024.69311,33876.23279,,https://roots.sg/~/media/Roots/Images/historic-sites/042-katong-park/042-katong-park.png,Katong Park,https://www.roots.gov.sg/places/places-landing/Places/historic-sites/katong-park,"This is one of the oldest parks in Singapore. Built in the 1930s, it was a favourite place for families and couples, with facilities such as swimming bays which extended into the sea and food outlets.",,,Meyer Road,Beside Amphitheatre at Katong Park,,,E05A1C8D8A2435CC,2021/03/05
32493.08884,33390.51824,100,https://roots.sg/~/media/Roots/Images/historic-sites/079-singapore-badminton-hall/079-singapore-badminton-hall.png,Singapore Badminton Hall,https://www.roots.gov.sg/places/places-landing/Places/historic-sites/singapore-badminton-hall,"Singapore Badminton Hall was built to host international badminton tournaments. In 1962, it was a vote-counting station for the Referendum on Singaporeâ€™s merger with Malaya, Sabah and Sarawak.",,,Guillemard Road,,399718,,8E7ED4729F4E9B99,2021/03/05
29598.41707,30212.08125,80,https://roots.sg/~/media/Roots/Images/historic-sites/016-clifford-pier/016-clifford-pier.png,Clifford Pier,https://www.roots.gov.sg/places/places-landing/Places/historic-sites/clifford-pier,Clifford Pier was the landing point for sea passengers and immigrants who came to seek a new life in Singapore. It is also known as â€œRed Lantern Pierâ€� for the red lamps that hung here.,,,Collyer Quay,The Fullerton Bay Hotel,49326,,BEF3D4138483ED44,2021/03/05
30629.16598,27259.62565,491,https://roots.sg/~/media/Roots/Images/historic-sites/028-havelock-road/028-havelock-road.png,Havelock Road Camp / River Valley Road Camp,https://www.roots.gov.sg/places/places-landing/Places/historic-sites/havelock-road-camp-river-valley-road-camp,The area bounded by River Valley Road and Havelock Road was occupied by Prisoner-of-War (POW) camps during the Japanese Occupation. Five thousand POWs lived in dilapidated attap huts here.,,,River Valley Road,"Beside bus stop no. 13059, Valley Point Shopping Centre",248371,,7C9E0E5E2220AE38,2021/03/05
32338.48762,32390.46318,,https://roots.sg/~/media/Roots/Images/historic-sites/039-kallang-airport/039-kallang-airport.png,Kallang Airport,https://www.roots.gov.sg/places/places-landing/Places/historic-sites/kallang-airport,"This is Singaporeâ€™s first purpose-built civil airport. Completed in 1937, the modern-style terminal building symbolised the rapid civil aviation progress then. The airport ceased operations in 1955.",,,,"Junction of Kallang Airport Way and Stadium Link, beside gate to Former Kallang Airport",,,726A3D5259BA7A5E,2021/03/05
35313.91,26318.24,,https://roots.sg/~/media/Nhb/Images/Places/Historic%20Sites/sime_rd_camp-43_Sime_Road_Camp.jpg,Sime Road Camp,https://www.roots.gov.sg/places/places-landing/Places/historic-sites/sime-road-camp,"Sime Road Camp was the Combined Headquarters of the British Army and Air Force during the Second World War, until the headquarters relocated to Fort Canning Command Centre.",,,,"Junction between Adam Road and Sime Road, near Bus Stop No. 41141",,,C23539FDC1DE79A6,2021/03/05
32067.79096,31746.87287,,https://roots.sg/~/media/Roots/Images/historic-sites/040-kallang-gasworks/040-kallang-gasworks.png,Kallang Gasworks,https://www.roots.gov.sg/places/places-landing/Places/historic-sites/kallang-gasworks,"Built in 1862, Kallang Gasworks was Singaporeâ€™s first supplier of piped gas. It played an important role in ensuring efficient gas production for Singapore.",,,,"Kampong Bugis End, opposite Kallang Riverside Park",,,54259647F03136DF,2021/03/05
31824.17318,29441.37465,99,https://roots.sg/~/media/Roots/Images/historic-sites/086-st-margarets-school/086stmargaretsschool.png,St. Margaret's School,https://www.roots.gov.sg/places/places-landing/Places/historic-sites/st-margarets-school,"St. Margaretâ€™s School began as a girlsâ€™ home at North Bridge Road in 1842, to rescue girls who were homeless or being sold to slavery.",,,Wilkie Road,St. Margaret's Primary School,228091,,76DD9957B4BD6B50,2021/03/05
31600.2616,29875.28301,,https://roots.sg/~/media/Roots/Images/historic-sites/052-methodist-girls-school/052methodistgirlsschool.png,Methodist Girls' School,https://www.roots.gov.sg/places/places-landing/Places/historic-sites/methodist-girls-school,Methodist Girlsâ€™ School began in 1887 as Tamil Girlsâ€™ School in a shophouse at Short Street with nine Indian girls.,,,"Junction of Selegie Road and Short Stree, Beside 100 Selegie Road",,188308,,DC0A65527F362812,2021/03/05
29858.15,30163.66,,https://roots.sg/~/media/Nhb/Images/Places/Historic%20Sites/joseph_conrad-100-Joseph-Conrad.jpg,Joseph Conrad Historic Marker,https://www.roots.gov.sg/places/places-landing/Places/historic-sites/joseph-conrad,"Joseph Conrad, the renowned English master writer, was of Polish origin and travelled to Singapore and south east asia during his seafaring days. He made Singapore and Southeast asia better known to the world through his writings.",,,,"Beside Anderson Bridge, on the grounds of the Fullerton Hotel",,,DB192CB2D8890523,2021/03/05
33503.37782,24796.00242,5,https://roots.sg/~/media/Nhb/Images/Places/Historic%20Sites/Former%20Residence%20of%20Chen%20Wen%20His-Chen-Wen-Hsi.jpg,Chen Wen Hsi Historic Marker,https://www.roots.gov.sg/places/places-landing/Places/historic-sites/chen-wen-hsi,"This was formerly the home of Chen Wen Hsi, one of Singaporeâ€™s pioneer artists. Chenâ€™s works mixed Western and Chinese traditions, and continued to influence local artists after his demise in 1991.",,,Kingsmead Road,,267960,,9844D2A429E2DD58,2021/03/05
29103.18729,28518.22198,5,https://roots.sg/~/media/Roots/Images/historic-sites/089-the-first-public-dental-school-and-clinic/089-the-first-public-dental-school-and-clinic.png,The First Public Dental School and Public Clinic,https://www.roots.gov.sg/places/places-landing/Places/historic-sites/the-first-public-dental-clinic-and-school,"Dental Education and modern dentistry in Singapore began here in 1929. The original Clinic and Dental School of the King Edward VII college of Medicine had its beginnings on this site in the Norris Block of the General Hospital. In 1938, the clinic expan",,,Second Hospital Ave,Link Bridge between National Dental Centre Singapore and Health Promotion Board,168938,,401634D90E2A62D9,2021/03/05
28849.92747,27915.79876,8,https://roots.sg/~/media/Roots/Images/historic-sites/077-silat-road-sikh-temple/077-silat-road-sikh-temple.png,Silat Road Sikh Temple,https://www.roots.gov.sg/places/places-landing/Places/historic-sites/silat-road-sikh-temple,This temple was built in 1924 on Silat Road (today Jalan Bukit Merah). It was also known as the Police Gurdwara (a Sikh place of worship) as its congregation was mostly made up of Sikh policemen.,,,Jalan Bukit Merah,,169543,,5B240837252B495D,2021/03/05
31778.44103,31795.14469,,https://roots.sg/~/media/Roots/Images/historic-sites/051-merdeka-bridge/051-merdeka-bridge.png,Merdeka Bridge,https://www.roots.gov.sg/places/places-landing/Places/historic-sites/merdeka-bridge,"Merdeka Bridge, declared open on 17 August 1956, was constructed to ease traffic congestion. Its name reflects Singaporeâ€™s aspirations for independence (â€œmerdekaâ€� in Malay) then.",,,"Merdeka Bridge, Nicoll Highway, beside lamp post 88F",,,,79E6586FC0B1C346,2021/03/05
38584.43782,44267.60306,27,https://roots.sg/~/media/Nhb/Images/Places/Historic%20Sites/johore_battery-37-Johore-Battery.jpg,Johore Battery,https://www.roots.gov.sg/places/places-landing/Places/historic-sites/johore-battery,"Completed in the late 1930s, Johore Battery was part of Singaporeâ€™s coastal defence system. It comprised three 15-inch guns known as â€œmonster gunsâ€�.",,,"Cosford Road, Off Upper Changi Road",,499549,,472CFE260F6BA873,2021/03/05
30760.33518,30438.05652,,https://roots.sg/~/media/Roots/Images/historic-sites/072-saf-warrant-officers-and-specialist-club/072-saf-warrant-officers-and-specialist-club.png,Singapore Armed Forces Warrant Officers' and Specialists' Club,https://www.roots.gov.sg/places/places-landing/Places/historic-sites/singapore-armed-forces-warrant-officers-and-specialists-club,The British Government built the clubhouse in 1951 for British non-commissioned officers. It was handed over to Singapore Government when the British pulled out in 1969.The SAF WOSE club was formed in 1974 and was formerly known as the SAF NCO Club until,,,Beach Road,"Former NCO Buildings, South Beach Development",,,9BB83355ABEE9D25,2021/03/05
44800.49958,36603.75139,,https://roots.sg/~/media/Roots/Images/historic-sites/065-punggol-beach-massacre/065-punggol-beach-massacre.png,Punggol Beach Massacre,https://www.roots.gov.sg/places/places-landing/Places/historic-sites/punggol-beach-massacre,Punggol Beach was a massacre site of Sook Ching. Several men were killed by the Hojo Kempei (Japanese auxiliary military police) on this beach on 28 February 1942.,,,Punggol Road End,Beside Jetty at Punggol Point Park,,,0830349651E2F0D9,2021/03/05
37242.58614,15057.94549,Between Blocks 550 and 551,https://roots.sg/~/media/Roots/Images/historic-sites/038-jurong-kranji-defence-line/038-jurong-kranji-defence-line.png,Jurong-Kranji Defence Line,https://www.roots.gov.sg/places/places-landing/Places/historic-sites/jurong-kranji-defence-line,"This is an arbitrary defence line from Kranji River to Jurong River, placed to check Japanese advance towards the city from the west.",,,Jurong West Street 42,Jurong West Neighbourhood Park,640551,,B69D171C3971C629,2021/03/05
30771.17092,29795.95404,51,https://roots.sg/~/media/Roots/Images/historic-sites/091-united-chinese-library/091-united-chinese-library.png,United Chinese Library,https://www.roots.gov.sg/places/places-landing/Places/historic-sites/united-chinese-library,"United Chinese Library was founded by Dr Sun Yat Sen on 8 August 1910 at North Boat Quay, to spread revolutionary ideas and garner support for Dr Sunâ€™s revolution in China.",,,Armenian Street,,179939,,C64B13CFC947B1E7,2021/03/05
28526.83263,29662.97407,12,https://roots.sg/~/media/Roots/Images/historic-sites/082-singapore-polytechnic/082-singapore-polytechnic.png,Singapore Polytechnic,https://www.roots.gov.sg/places/places-landing/Places/historic-sites/singapore-polytechnic,"Established in 1954, Singapore Polytechnic is the first technical institution in Singapore to train skilled labour. The Prince Edward Campus began operations on 3 November 1958 with 2,800 students.",,,Prince Edward Road,Bestway Building,79212,,F25E0F7EA21E395D,2021/03/05
30652.18947,29255.19028,,https://roots.sg/~/media/Roots/Images/historic-sites/054-national-theatre/054-national-theatre.png,National Theatre,https://www.roots.gov.sg/places/places-landing/Places/historic-sites/national-theatre,"Officially opened on 8 August 1963, this theatre was built to commemorate the attainment of Singaporeâ€™s self-government in 1959. It was demolished in 1986 due to structural reasons.",,,,"Junction of River Valley Road and Clemnceau Avenue, Beside Fort Canning Park",,,F43318D5E66862D5,2021/03/05
30135.75825,21854.63955,,https://roots.sg/~/media/Roots/Images/historic-sites/059-pasir-panjang-machine-gun-pillbox/059-pasir-panjang-machine-gun-pillbox.png,Pasir Panjang Machine-Gun Pillbox,https://www.roots.gov.sg/places/places-landing/Places/historic-sites/pasir-panjang-machine-gun-pillbox,"This pillbox lay within the area guarded by the 1st Battalion of the Malay Regiment during the Second World War, to protect key installations in the Southern area, such as Alexandra Military Hospital.",,,,"Junction of Pasir Panjang Road and Science Park Road, Beside Shell Petrol Station",,,A552ED466B39BF10,2021/03/05
29674.92783,28942.68751,195,https://roots.sg/~/media/Roots/Images/historic-sites/094-upper-barracks/094-upper-barracks.png,Upper Barracks,https://www.roots.gov.sg/places/places-landing/Places/historic-sites/upper-barracks,,,,Pearl's Hill Terrace,,168976,,09380E4DE404DF1B,2021/03/05
42703.95132,32235.60615,,https://roots.sg/~/media/Roots/Images/historic-sites/075-seletar-airfield/075-seletar-airfield.png,Seletar Airfield,https://www.roots.gov.sg/places/places-landing/Places/historic-sites/seletar-airfield,"Seletar Airfield was the British Royal Air Forceâ€™s main base in the Far East, equipped to protect the Sembawang naval base. Indian Prisoners-of-War were interned here during the Japanese Occupation.",,,,"Beside 1 Piccadilly Circus, near Former Seletar Camp Gate, Bus Stop No. 68111",797640,,9746536B12B14D0A,2021/03/05
31123.90499,26160.07057,300,https://roots.sg/~/media/Roots/Images/historic-sites/062-phoenix-park/062-phoenix-park.png,Phoenix Park,https://www.roots.gov.sg/places/places-landing/Places/historic-sites/phoenix-park,,,,Tanglin Road,,247970,,E45A9B2F9BB5685D,2021/03/05
29386.10615,28876.69242,100,https://roots.sg/~/media/Roots/Images/historic-sites/048-lower-barracks/048-lower-barracks.png,Lower Barracks,https://www.roots.gov.sg/places/places-landing/Places/historic-sites/lower-barracks,,,,Eu Tong Sen Street,"Junction of Pearl's Hill and Eu Tong Sen Street, opposite Pearl's Centre",59812,,CF9943EC8E165420,2021/03/05
27299.22936,26641.49778,,https://roots.sg/~/media/Roots/Images/historic-sites/044-keppel-harbour/044-keppel-harbour.png,Keppel Harbour,https://www.roots.gov.sg/places/places-landing/Places/historic-sites/keppel-harbour,"Keppel Harbour has been a thriving maritime gateway for trade since the late 19th century. During the Second World War, Operation Jaywick successfully destroyed seven Japanese ships here.",,,,"Harbourfront Walk End, Promenade between Harbourfront Centre and Vivocity",,,4FE7B9E5BB983833,2021/03/05
29947.9434,30114.03064,,https://roots.sg/~/media/Roots/Images/historic-sites/037-jose-rizal/037-jose-rizal.png,Jose Rizal Historic Marker,https://www.roots.gov.sg/places/places-landing/Places/historic-sites/jose-rizal,,,,,"Beside Anderson Bridge, on the grounds of the Asian Civilisations Museum",,,F1404479BF6CED2A,2021/03/05
29916.53946,30019.65559,,https://roots.sg/~/media/Roots/Images/historic-sites/034-jawaharlal-nehru/034jawaharlal-nehru.png,Jawaharlal Nehru Historic Marker,https://www.roots.gov.sg/places/places-landing/Places/historic-sites/jawaharlal-nehru,,,,,"Beside Anderson Bridge, on the grounds of the Asian Civilisations Museum",,,2393A49E056F0F0C,2021/03/05
29907.91499,30071.29496,,https://roots.sg/~/media/Nhb/Images/Places/Historic%20Sites/Ho%20Chi%20Minh-Ho-Chi-Minh.jpg,Ho Chi Minh Historic Marker,https://www.roots.gov.sg/places/places-landing/Places/historic-sites/ho-chi-minh,,,,,"Beside Anderson Bridge, on the grounds of the Asian Civilisations Museum",,,DB7A032F6C033BD2,2021/03/05
30912.48362,29455.51331,2,https://roots.sg/~/media/Roots/Images/historic-sites/023-fort-canning-command-centre/014-fort-canning-command-centre-02.png,Fort Canning Command Centre,https://www.roots.gov.sg/places/places-landing/Places/historic-sites/fort-canning-command-centre,Fort Canning Command Centre was the site where Lieutenant-General Arthur Percival and his commanders decided to surrender Singapore to the Japanese on 15 February 1942.,,,Cox Terrace,"Battlebox Entrance, Fort Canning Park",179622,,5AD2FD72D0EA1DA9,2021/03/05
35967.96274,27779.13783,,https://roots.sg/~/media/Roots/Images/historic-sites/022-force-136/022-force-136.png,Force 136 Historic Marker,https://www.roots.gov.sg/places/places-landing/Places/historic-sites/force-136,"Force 136 was a British secret service team that operated in Malaya during the Second World War. One of the agents was Lim Bo Seng, who led Gustavus V Operation in 1943. His grave is in the vicinity.",,,Lornie Road,"Beside zig-zag bridge to Pavailion, MacRitchie Reservoir Park",297732,,E99B53321A307897,2021/03/05
32356.11556,21275.3087,,https://roots.sg/~/media/Roots/Images/historic-sites/020-execution-of-captured-rimau-commandos/008-rimau-10.png,Execution of Captured Rimau Commandos Historic Marker,https://www.roots.gov.sg/places/places-landing/Places/historic-sites/execution-of-captured-rimau-commandos,"Operation Rimau (â€œtigerâ€� in Malay) was the second Allied commando attack on Japanese ships in Keppel Harbour. It failed, and ten commandos were beheaded by the Japanese near Dover and Clementi Roads.",,,Dover Road,"Beside Bus Stop No. 19059, Near NUS U-town Dover Road Entrance",,,67D7C414108CCE9E,2021/03/05
31198.98623,26025.96529,318,https://roots.sg/~/media/Roots/Images/historic-sites/007-block-a-of-phoenix-park/007-block-a-of-phoenix-park.png,Block A of Phoenix Park,https://www.roots.gov.sg/places/places-landing/Places/historic-sites/block-a-of-phoenix-park,,,,Tanglin Road,Block A,247979,,8E40966FDA492525,2021/03/05
30600.77148,29089.47771,81,https://roots.sg/~/media/Roots/Images/historic-sites/092-united-engineers-limited/092-united-engineers-limited.png,United Engineers Limited,https://www.roots.gov.sg/places/places-landing/Places/historic-sites/united-engineers-limited,"UEL was founded in 1912. It led major construction projects that contributed to Singaporeâ€™s urbanisation and economic growth, and built many iconic structures including the Former Supreme Court.",,,Clemenceau Avenue,River Valley Road Entrance of UE Square,239920,,EC7299E68EDC1116,2021/03/05
30912.04513,30067.28113,30,https://roots.sg/~/media/Roots/Images/historic-sites/026-gate-of-hope/026-gate-of-hope.png,Gate of Hope,https://www.roots.gov.sg/places/places-landing/Places/historic-sites/the-gate-of-hope,"From a small gate here, the compassionate sisters of the Convent of the Holy Infant Jesus took in many abandoned infants and children. A replica, named â€œGate of Hopeâ€�, was installed here in 1996.",,,Victoria Street,,187996,,568BC976DBC94F97,2021/03/05
40396.54893,33701.63218,10,https://roots.sg/~/media/Roots/Images/historic-sites/031-institute-of-mental-health/031-institute-of-mental-health.png,Institute of Mental Health,https://www.roots.gov.sg/places/places-landing/Places/historic-sites/institute-of-mental-health,"The Mental Hospital was completed in 1928 at Yio Chu Kang Road. It was renamed â€œWoodbridge Hospitalâ€� after a nearby wooden bridge, and then â€œThe Institute of Mental Healthâ€� after moving here in 1993.",,,Buangkok View,Main entrance of Buangkok Green Medical Park,539747,,A11890DC386E3195,2021/03/05
29613.78549,30012.42377,,https://roots.sg/~/media/Nhb/Images/Places/Historic%20Sites/Commercial%20Square-Raffles-Place.jpg,Raffles Place,https://www.roots.gov.sg/places/places-landing/Places/historic-sites/raffles-place,"Raffles Place was designated as Singaporeâ€™s business centre in the 1822 Town Plan. Singaporeâ€™s earliest banks, merchant houses and department stores were situated here.",,,,"Raffles Place MRT Station, Exit A",,,0153F0EB8A029B1A,2021/03/05
28843.73914,29489.24538,32,https://roots.sg/~/media/Roots/Images/historic-sites/017-custom-house-maxwell-road/017-custom-house-maxwell-road.png,"Custom House, Maxwell Road",https://www.roots.gov.sg/places/places-landing/Places/historic-sites/custom-house-maxwell-road,This was the headquarters of Singapore Customs from 1932 to 1989. The building also housed the Film Censorâ€™s Office and the Maxwell Road Post Office.,,,Maxwell Road,,69115,,FDDDC4C32836603D,2021/03/05
29333.90255,29440.13384,,https://roots.sg/~/media/Roots/Images/historic-sites/098-yeung-ching-school/098-yeung-ching-school.png,Yeung Ching School,https://www.roots.gov.sg/places/places-landing/Places/historic-sites/yeung-ching-school,"Yeung Ching School began in 1905 as a private school for Cantonese children. Apart from conducting classes in the day, it offered night classes to children who were poor or overaged.",,,,Land Parcel Beside 65 Club Street,69439,,1D74D06B47C85E58,2021/03/05
47832.63671,21109.99937,,https://roots.sg/~/media/Roots/Images/historic-sites/097-withdrawal-to-singapore/097-withdrawal-to-singapore.png,Withdrawal to Singapore,https://www.roots.gov.sg/places/places-landing/Places/historic-sites/withdrawal-to-singapore,"During the Second World War, the last Allied military troop in Malaya withdrew to Singapore through the Causeway on 31 January 1942, after losing Malaya to the Japanese.",,,Admiralty Road West,"WOODLANDS WATERFRONT PARK, NEAR LAMP POST 1R-32",,,0FA8A8983672EDC6,2021/03/05
29080.36655,28805.80853,27,https://roots.sg/~/media/Roots/Images/historic-sites/081-singapore-chin-kang-huay-kuan/081-singapore-chin-kang-huay-kuan.png,Singapore Chin Kang Huay Kuan,https://www.roots.gov.sg/places/places-landing/Places/historic-sites/singapore-chin-kang-huay-kuan,"Established in 1918 by Chinese Immigrants from the Jin Jiang County of southern Fujian Province, it was the headquarters of the Overseas Chinese Mobilisation Council, formed in 1941 to help Singaporeâ€™s defence against the Japanese.",,,Bukit Pasoh Road,,89841,,1737750C50AEA0C8,2021/03/05
32738.63169,30132.81776,,https://roots.sg/~/media/Roots/Images/historic-sites/021-farrer-park/021-farrer-park.png,Farrer Park,https://www.roots.gov.sg/places/places-landing/Places/historic-sites/farrer-park,"Farrer Park was the site of the first race course in Singapore, and continued to be a venue for numerous sporting events. It was a site for political gatherings and demonstrations in the 1940s and 1950s.",,,,"Walkway to Block 11, Gloucester Road, near Farrer Park MRT Station Exit D",,,F6E3AD9EFBF8A6A7,2021/03/05
30691.66988,30123.26227,252,https://roots.sg/~/media/Nhb/Images/Places/Historic%20Sites/raffles_institution-Raffles-Institution.jpg,Raffles Institution,https://www.roots.gov.sg/places/places-landing/Places/historic-sites/raffles-institution,"The first school in Singapore, it was founded by Sir Stamford Raffles on 5 June 1823. It was originallly known as â€œThe Institutionâ€�.",,,North Bridge Road,"Junction of North Bridge Road and Stamford Road, beside Raffles City",179103,,2E0415C87DAB647E,2021/03/05
30082.8443,30058.49515,11,https://roots.sg/~/media/Roots/Images/historic-sites/096-victoria-memorial-hall/096-victoria-memorial-hall.png,Victoria Memorial Hall,https://www.roots.gov.sg/places/places-landing/Places/historic-sites/victoria-memorial-hall,"Designed by colonial engineer, John Bennett, the theatre portion of the Victoria Theatre and Concert Hall was built as a Town Hall in 1862 which housed the Municipal Offices.",,,Empress Place,,179558,,921245456E3811D1,2021/03/05
31504.91583,29486.48173,7,https://roots.sg/~/media/Roots/Images/historic-sites/090-trinity-theological-college/090-trinity-theological-college.png,Trinity Theological College,https://www.roots.gov.sg/places/places-landing/Places/historic-sites/trinity-theological-college,"Trinity Theological College was born out of the camaraderie and spirit of Christianity experienced by the heads of the Anglican, Methodist and Presbyterian Churches when they were interned at Changi Prison during the Japanese Occupation. Founded on 4th O",,,Mount Sophia,,228458,,E73DCE3974A1D713,2021/03/05
29585.36419,29419.4616,Beside Block 532,https://roots.sg/~/media/Roots/Images/historic-sites/083-sook-ching-inspection-centre/083-sook-ching-inspection-centre.png,Sook Ching Inspection Centre,https://www.roots.gov.sg/places/places-landing/Places/historic-sites/sook-ching-inspection-centre,This site marks one of many temporary registration centres set up by the Kempeitai(Japanese Military Police) to screen anti-Japanese Chinese.,,,Upper Cross Street,Junction of Upper Cross Street and South Bridge Road,50532,,B862327ADE42DD9A,2021/03/05
27722.08562,24491.88579,,https://roots.sg/~/media/Roots/Images/historic-sites/047-labrador-battery/047-labrador-battery.png,Labrador Battery,https://www.roots.gov.sg/places/places-landing/Places/historic-sites/labrador-battery,"This is one of the surviving gun emplacements in Singapore today. The battery has two 6â€� 16-ton guns facing south, which aided the Malay Regiment in the Battle for Pasir Panjang by firing high explosive shells at the advancing Japanese troops alon",,,Labrador Villa Road,"Near History Walk, Labrador Nature Reserve",119187,,AD07A1D11D23E09F,2021/03/05
29557.75695,23269.30317,,https://roots.sg/~/media/Roots/Images/historic-sites/058-pasir-panjang-battle/058-pasir-panjang-battle.png,Pasir Panjang Battle,https://www.roots.gov.sg/places/places-landing/Places/historic-sites/pasir-panjang-battle,"The Battle for Pasir Panjang, where the harbour and British military depots were the coveted gains, marked one of the last battles for Singapore. It lasted from 12 to 14 February 1942.",,,Vigilante Drive,"Kent Ridge Park, beside Car Park B",,,EF615DD8D12019F8,2021/03/05
46763.06189,17391.39142,,https://roots.sg/~/media/Roots/Images/historic-sites/045-kranji-beach-battle/002-kranji-beach-battle.png,Kranji Beach Battle,https://www.roots.gov.sg/places/places-landing/Places/historic-sites/kranji-beach-battle,"It was here on 9 February 1942 that the Japanese forces suffered a major loss, fighting against the valiant 27th Australian Brigade and the Dalforce.",,,,"Kranji Reservoir Park, Kranji Way, near Pavilion area",,,1533A56C2046B8C6,2021/03/05
46498.78259,13080.64648,69,https://roots.sg/~/media/Roots/Images/historic-sites/074-sarimbun-beach-landing/001-sarimbun-beach-landing.png,Sarimbun Beach Landing,https://www.roots.gov.sg/places/places-landing/Places/historic-sites/sarimbun-beach-landing,"On 8 February 1942, Japanese forces first landed in Singapore on this beach.",,,Jalan Bahtera,Beside Ministry of Education of Jalan Bahtera Adventure Centre,719920,,6557A988C7A706D1,2021/03/05
31274.50637,29585.05425,2,https://roots.sg/~/media/Roots/Images/historic-sites/033-japanese-propaganda-department/033-japanese-propaganda-department.png,Japanese Propaganda Department,https://www.roots.gov.sg/places/places-landing/Places/historic-sites/japanese-propaganda-department,"Formerly housing the British Malaya Broadcasting Corporations before WWII, it was turned into a Japanese propaganda office during the Japanese Occupation. It was later also used by Lord Louis Mountbatten as the headquarters for the Japanese Surrender in",,,Handy Road,"Handy Road open space, beside The Cathay",220233,,CBA5A905FC5EDEC6,2021/03/05
30154.05605,30261.82424,,https://roots.sg/~/media/Nhb/Images/Places/Historic%20Sites/queen_elizabeth-77-Queen-Elizabeth-Walk.jpg,Queen Elizabeth Walk,https://www.roots.gov.sg/places/places-landing/Places/historic-sites/queen-elizabeth-walk,"This was the site of sporting activities in the early days and became popular with families. In 1953, as part of the Coronation Celebrations, the seafront promenade was refurbished and renamed Queen Elizabeth Walk.",,,,"Junction of Promenade Linking Esplanade Theatres and Queen Elizabeth Walk, Esplanade Park",,,6BB48C683AAF5AE5,2021/03/05
30193.19,30269.83,,https://roots.sg/~/media/Nhb/Images/Places/Historic%20Sites/indian_national_army-76-Indian-National-Army-Memorial.jpg,Indian National Army Memorial,https://www.roots.gov.sg/places/places-landing/Places/historic-sites/indian-national-army-memorial,"The local INA, influenced by Subhas Chandra Bose, was formed in 1942 with Japanese support, with the aim of liberating India from British.",,,,"Queen Elizabeth Walk Esplanade Park, near Cenotaph",,,923BDF01F4BA7FB8,2021/03/05
33000.8,30619.59,366,https://roots.sg/~/media/Roots/Images/historic-sites/073-sakya-muni-buddha-gaya-temple/073-sakya-muni-buddha-gaya-temple.png,Sakya Muni Buddha Gaya Temple,https://www.roots.gov.sg/places/places-landing/Places/historic-sites/sakya-muni-buddha-gaya-temple,"Vutthisara, a monk from Thailand, founded the temple in 1927. This site is selected as both Indians and Chinese in an area predominantly settled it. It houses a Buddha statue of 15m talls and weighing 300 tonnes.",,,Race Course Road,,218636,,58CAF750CFF84DF4,2021/03/05
31653.44264,28639.74703,37,https://roots.sg/~/media/Roots/Images/historic-sites/080-singapore-chinese-girls-school/080singaporechinesegirlsschool.png,Singapore Chinese Girls' School,https://www.roots.gov.sg/places/places-landing/Places/historic-sites/singapore-chinese-girls-school,Singapore Chinese Girlsâ€™ School began in 1899 at Hill Street. It was founded by Straits Chinese pioneers to provide quality education for girls. The school was located here from 1925 to 1994.,,,Emerald Hill Road,,229313,,B8DA0DB13DB21A72,2021/03/05
30817.67501,29848.70573,50,https://roots.sg/~/media/Roots/Images/historic-sites/068-raffles-girls-school/068rafflesgirlsschool.png,Raffles Girls' School,https://www.roots.gov.sg/places/places-landing/Places/historic-sites/raffles-girls-school,"Raffles Girlsâ€™ School began in 1844 as a girlsâ€™ department in Singapore Institution (today Raffles Institution), and became independent in 1879. It was located here from 1928 to 1979.",,,Stamford Road,"Junction of Stamdord Road and Armenian Street, beside Lee Kong Chian School of Business, Singapore Management University",178899,,40AEFD2866BC2206,2021/03/05
29115.63985,28785.65646,43,https://roots.sg/~/media/Roots/Images/historic-sites/019-ee-hoe-hean-club/019-ee-hoe-hean-club.png,Ee Hoe Hean Club,https://www.roots.gov.sg/places/places-landing/Places/historic-sites/ee-hoe-hean-club,"Founded in 1895, it is one of the oldest millionaires club in Singapore. The club was the centre of the Chinese Salvation Movement in Southeast Asia from 1937-1942. Originally located at Duxton Hill, it moved to Club Street before settling at this locati",,,Bukit Pasoh Road,,89846,,828292A998EC9FED,2021/03/05
35304.4,26318.24,,https://roots.sg/~/media/Roots/Images/historic-sites/087-syonan-jinja/087-syonan-jinja.png,Syonan Jinja,https://www.roots.gov.sg/places/places-landing/Places/historic-sites/syonan-jinja,Syonan Jinja was built in 1942 in memory of the Japanese soldiers who died fighting in the invasion of Singapore. Ceremonies for significant events were held here until it was destroyed after the war.,,,,"Junction between Adam Road and Sime Road, near Bus Stop No. 41141",,,F2E27D5BBE38EDE8,2021/03/05
31557.1382,29991.47106,77,https://roots.sg/~/media/Roots/Images/historic-sites/008-boys-brigade/008boys-brigade.png,The Founding of Boys' Brigade in Singapore,https://www.roots.gov.sg/places/places-landing/Places/historic-sites/the-founding-of-boys-brigade-in-singapore,"Singaporeâ€™s first company of the Boysâ€™ Brigade was formed here on 12 January 1930. From a small company of 12, the Boysâ€™ Brigade in Singapore has since grown to a strength of more than 100 companies.",,,Prinsep Street,Prinsep Street Presbyterian Church,188649,,DB4E1272DEBF70D0,2021/03/05
31340.96523,30101.22175,155,https://roots.sg/~/media/Roots/Images/historic-sites/053-middle-road-church/053-middle-road-church.png,Middle Road Church,https://www.roots.gov.sg/places/places-landing/Places/historic-sites/middle-road-church,"Built between 1870-75, the Middle Road Church was first known as the Christian Institute. When it was officially inaugurated as the Malay Church in 1894, it became the first Straits Chinese Methodist Church in Singapore.",,,Middle Road,,188977,,4499E7608A37929C,2021/03/05
29339.20143,29417.44816,64,https://roots.sg/~/media/Roots/Images/historic-sites/063-pondok-peranakan-club/063-pondok-perankan-club.png,Pondok Peranakan Gelam Club,https://www.roots.gov.sg/places/places-landing/Places/historic-sites/pondok-peranakan-gelam-club,Singaporeâ€™s last pondok (communal lodging house) was located here from 1932 to 2000. It served the welfare of Baweanese immigrants from the Gelam province of Indonesiaâ€™s Bawean Island.,,,Club Street,,69438,,DAA40402D27211A4,2021/03/05
30573.45613,20141.20645,52,https://roots.sg/~/media/Roots/Images/historic-sites/071-republic-of-singapore-yacht-club/071-republic-of-singapore-yacht-club.png,Republic of Singapore Yacht Club,https://www.roots.gov.sg/places/places-landing/Places/historic-sites/republic-of-singapore-yacht-club,"Founded in 1826, this club became the Royal Singapore Yacht Club in 1922 under the patronage of the Prince of Wales, and was renamed the Republic of Singapore Yacht Club in 1967 with the first president of Singapore, Yusof bin Ishak as it patrons.",,,West Coast Ferry Road,,126887,,BA46120F1EFD1901,2021/03/05
38274.01673,43657.42661,1000,https://roots.sg/~/media/Roots/Images/historic-sites/013-changi-murals/013-changi-murals.png,Changi Murals,https://www.roots.gov.sg/places/places-landing/Places/historic-sites/changi-murals,"The Changi Murals was a symbol of hope and faith for prisoners during the Japanese Occupation. It depicted scenes from the Bible, and were painted by Stanley Warren, a Prisoner-of-War.",,,Upper Changi Road North,Side Entrance of Changi Museum,507707,,1F8DA60046EDF4C5,2021/03/05